Date,0
2015-01-05,-0.014360982305936352
2015-01-06,-0.0065142691887105425
2015-01-07,0.009861433572854792
2015-01-08,0.017670840049328722
2015-01-09,-0.0026062485634140357
2015-01-12,-0.009027738020513425
2015-01-13,0.0010939346570240495
2015-01-14,-0.0003375737208008412
2015-01-15,-0.008314987885311447
2015-01-16,0.0091832030342825
2015-01-20,7.381735400908257e-05
2015-01-21,0.004366286214030794
2015-01-22,0.013242188394524212
2015-01-23,-0.0041485225376270305
2015-01-26,0.0007169874012401454
2015-01-27,-0.010123758653243288
2015-01-28,-0.005925851100086451
2015-01-29,0.007636473479575234
2015-01-30,-0.012123166462113436
2015-02-02,0.006340819996052574
2015-02-03,0.011725791609076929
2015-02-04,0.0007397899698296983
2015-02-05,0.0029849918998751065
2015-02-06,-0.009795317484574113
2015-02-09,-0.0009160610588134643
2015-02-10,0.010177139918809305
2015-02-11,0.0020026430353365134
2015-02-12,0.014812951202952545
2015-02-13,0.003700206960542207
2015-02-17,-0.0011285198725719248
2015-02-18,0.0038985295975730596
2015-02-19,-0.001129288207969066
2015-02-20,0.008924789471845199
2015-02-23,0.0010190420757915943
2015-02-24,0.00354593409589671
2015-02-25,0.0004690514755620567
2015-02-26,-0.003540792318440249
2015-02-27,-0.005618704330952408
2015-03-02,0.007127981456269304
2015-03-03,-0.0047278448863536625
2015-03-04,-0.0037226581166582263
2015-03-05,0.005141479777202207
2015-03-06,-0.014185401423821268
2015-03-09,0.002601323669196187
2015-03-10,-0.012263117069500487
2015-03-11,-0.0006305483701747372
2015-03-12,0.009515038480922928
2015-03-13,-0.00318533052059911
2015-03-16,0.012979780135227437
2015-03-17,-0.001025678123098417
2015-03-18,0.009858183492019123
2015-03-19,0.0006041283989297771
2015-03-20,0.009909155149968152
2015-03-23,-0.0025122865311222897
2015-03-24,-0.006464735363797786
2015-03-25,-0.01807069957860907
2015-03-26,-0.0025176736265945946
2015-03-27,0.005965772202482209
2015-03-30,0.009914950075604601
2015-03-31,-0.005370002661701214
2015-04-01,0.005601626079741687
2015-04-02,0.0035559265767796384
2015-04-06,0.0037660253653854967
2015-04-07,-0.001810708629041988
2015-04-08,0.0039710088371953
2015-04-09,0.002471951881414478
2015-04-10,0.0013462690423973191
2015-04-13,-0.00572131235232522
2015-04-14,0.0020524799306521273
2015-04-15,0.003922287380675046
2015-04-16,-0.0029928891423947994
2015-04-17,-0.011091701752581154
2015-04-20,0.0056084088952131645
2015-04-21,0.006809578346034163
2015-04-22,0.0034876138329304326
2015-04-23,0.0021624020637597986
2015-04-24,-0.0011200745824824353
2015-04-27,-0.0007556215663359601
2015-04-28,-0.007879291559537793
2015-04-29,-0.0035485897205714202
2015-04-30,-0.009293578516910275
2015-05-01,0.017853609758343384
2015-05-04,0.0005652746470762527
2015-05-05,-0.01623918571667415
2015-05-06,-0.003109243466057099
2015-05-07,0.00840301082208169
2015-05-08,0.009565323749290354
2015-05-11,-0.003542993023421386
2015-05-12,0.0009878185978255518
2015-05-13,7.528697193132756e-05
2015-05-14,0.011432091015720397
2015-05-15,0.00018357335847419168
2015-05-18,0.0017113313965156167
2015-05-19,-0.00036716805771419125
2015-05-20,0.00028049313377115565
2015-05-21,-0.0035974899011643395
2015-05-22,0.004674414793757396
2015-05-26,-0.009257576443503081
2015-05-27,0.010931159236454721
2015-05-28,6.0913832874507484e-05
2015-05-29,-0.004801584468921578
2015-06-01,0.0024678780564274614
2015-06-02,-0.002901887320931386
2015-06-03,0.002223867111729043
2015-06-04,-0.00580322957301488
2015-06-05,-0.0006331872526680326
2015-06-08,-0.007767423419032262
2015-06-09,0.002082219524110838
2015-06-10,0.011203210097186021
2015-06-11,0.0029450151131508485
2015-06-12,-0.007414428822012882
2015-06-15,-0.001711037292221374
2015-06-16,0.007877950856596119
2015-06-17,0.002348808342471571
2015-06-18,0.00967927695641409
2015-06-19,-0.003969367164537317
2015-06-22,0.0037418884244228142
2015-06-23,-0.002970687324539414
2015-06-24,-0.007075005026189575
2015-06-25,-0.003460705668852868
2015-06-26,-0.003339856055735107
2015-06-29,-0.020526023113055975
2015-06-30,0.0018555207565628118
2015-07-01,0.004210769118326483
2015-07-02,-0.0012279589340132354
2015-07-06,-0.0023971009710681956
2015-07-07,0.004623113627764584
2015-07-08,-0.014270976250025305
2015-07-09,-0.00029486839194048413
2015-07-10,0.009860230016381644
2015-07-13,0.009288134724566502
2015-07-14,0.0008419268840823913
2015-07-15,-0.0032583547549826708
2015-07-16,0.005244782666980185
2015-07-17,-0.0018579620042840704
2015-07-20,0.004015240457253379
2015-07-21,-0.004608841120961813
2015-07-22,0.0034341340537413683
2015-07-23,0.0009967461189078544
2015-07-24,-0.005919282474614507
2015-07-27,-0.007173293600249742
2015-07-28,0.011841967847930951
2015-07-29,0.006472071761172825
2015-07-30,0.006220057918829865
2015-07-31,0.009190727876932763
2015-08-03,-0.0010983125000480023
2015-08-04,-0.004730214959604288
2015-08-05,0.013045232677434541
2015-08-06,-0.015758715734240526
2015-08-07,0.008831238982936212
2015-08-10,0.011164881158613294
2015-08-11,-0.009242787135579026
2015-08-12,0.005758328447284994
2015-08-13,-0.002655718006625309
2015-08-14,0.007944548364935241
2015-08-17,0.006321909653844058
2015-08-18,-0.0021024126859780523
2015-08-19,-0.004984260426096521
2015-08-20,-0.017993029271409968
2015-08-21,-0.025121330052887286
2015-08-24,-0.028620888451577564
2015-08-25,-0.012765497971375961
2015-08-26,0.03482011072752521
2015-08-27,0.019327703102117025
2015-08-28,0.00039860840073380644
2015-08-31,-0.009650979217706471
2015-09-01,-0.024394369037845143
2015-09-02,0.016292085203188877
2015-09-03,0.0032887417663207863
2015-09-04,-0.013782900583373546
2015-09-08,0.0278933087042234
2015-09-09,-0.013339976124553125
2015-09-10,0.005950076365196378
2015-09-11,0.008468122386367197
2015-09-14,-0.0018210003986300102
2015-09-15,0.011040951640183398
2015-09-16,0.006875424884558439
2015-09-17,0.0051828087280211405
2015-09-18,-0.011691130263808917
2015-09-21,-0.0007959398648245751
2015-09-22,-0.012449606456520714
2015-09-23,-0.0004837458632208594
2015-09-24,-0.00205185260303641
2015-09-25,2.4644327116698542e-05
2015-09-28,-0.022549801380405344
2015-09-29,-0.004719126353221324
2015-09-30,0.019396997918136732
2015-10-01,0.0011326261772241562
2015-10-02,0.013228303109475023
2015-10-05,0.016737721735251888
2015-10-06,-0.005113756157213212
2015-10-07,0.004677608347072035
2015-10-08,0.0063908329287934865
2015-10-09,0.005727600261994091
2015-10-12,-0.0006142517575723391
2015-10-13,-0.005287241808989358
2015-10-14,-0.003424272967839102
2015-10-15,0.011890332124544828
2015-10-16,0.0036859666311779235
2015-10-19,0.003779843764939215
2015-10-20,-0.0006991725344175269
2015-10-21,0.002911292410669351
2015-10-22,0.014905684622577563
2015-10-23,-0.003630903052169203
2015-10-26,-0.00402658260291628
2015-10-27,0.0007540240631179709
2015-10-28,0.001792250373780156
2015-10-29,-0.0035389012573112137
2015-10-30,0.0015685430541870016
2015-11-02,0.007556969243414509
2015-11-03,0.0010099711792766097
2015-11-04,-0.0041531684470789325
2015-11-05,0.004949968987514359
2015-11-06,0.0012295102544407708
2015-11-09,-0.006265907156951989
2015-11-10,0.0032070187149350108
2015-11-11,-0.004122592569461459
2015-11-12,-0.0083069972670209
2015-11-13,-0.011111731963777668
2015-11-16,0.010849830872501957
2015-11-17,-0.0008957052815662173
2015-11-18,0.01460457939395404
2015-11-19,0.002392396032542412
2015-11-20,0.0036686380693269132
2015-11-23,0.0004898241961996062
2015-11-24,-0.00028819029587417376
2015-11-25,0.0019104730563247333
2015-11-27,0.0009219798974471828
2015-11-30,-0.002007532639952685
2015-12-01,0.009644200466459134
2015-12-02,-0.013080371846626696
2015-12-03,-0.009104626355574226
2015-12-04,0.011607035143895434
2015-12-07,0.00040701055155556014
2015-12-08,0.0017857366879679443
2015-12-09,-0.009892751462289807
2015-12-10,0.0012382095280288664
2015-12-11,-0.015572530450641896
2015-12-14,-0.0008409741376372093
2015-12-15,0.008099371523710649
2015-12-16,0.013687166045456289
2015-12-17,-0.010730274859350275
2015-12-18,-0.00962215632335274
2015-12-21,0.010522862255961506
2015-12-22,0.003141944218293453
2015-12-23,0.007702644460527321
2015-12-24,-5.7519849481555454e-05
2015-12-28,-0.0007463848903267544
2015-12-29,0.008400876296259803
2015-12-30,-0.006399260051716849
2015-12-31,-0.008866236241355498
2016-01-04,-0.015380018595870328
2016-01-05,-0.0006098637565397482
2016-01-06,-0.014649517747602021
2016-01-07,-0.021718627083830613
2016-01-08,-0.008681100830759606
2016-01-11,-0.0027663354945102765
2016-01-12,0.004354405026108177
2016-01-13,-0.01877404397808999
2016-01-14,0.013275283407730397
2016-01-15,-0.01887163589406487
2016-01-19,-0.004116852800699559
2016-01-20,-0.00965019793078266
2016-01-21,0.005408650552091805
2016-01-22,0.017086038391226882
2016-01-25,-0.013130845622709867
2016-01-26,0.012415995061035526
2016-01-27,-0.012448009471869583
2016-01-28,0.00276294810104623
2016-01-29,0.03093185293219947
2016-02-01,0.003206713558492611
2016-02-02,-0.018626390582612173
2016-02-03,0.0046381691218812995
2016-02-04,-0.0030559283586490565
2016-02-05,-0.019757750893525047
2016-02-08,-0.01605805976348408
2016-02-09,-0.001908525720934287
2016-02-10,0.002816393226806735
2016-02-11,-0.010145492805270195
2016-02-12,0.012374899820855967
2016-02-16,0.022003757765213662
2016-02-17,0.02110106177978233
2016-02-18,-0.0030730243620306426
2016-02-19,0.006660431042028817
2016-02-22,0.007308748346865589
2016-02-23,-0.0032580676904673963
2016-02-24,0.009384168576614877
2016-02-25,0.009913062096543702
2016-02-26,0.003376891204473518
2016-02-29,-0.006685691735089719
2016-03-01,0.02057752996419317
2016-03-02,0.0043119982903772145
2016-03-03,0.0027155323671294606
2016-03-04,0.005209437829530996
2016-03-07,0.0013332672526572156
2016-03-08,-0.01305957925851299
2016-03-09,0.0020562148637899157
2016-03-10,0.0011999182301243305
2016-03-11,0.018587948777742183
2016-03-14,-0.0010522105535873917
2016-03-15,-0.005300904033853772
2016-03-16,0.007347826175689782
2016-03-17,0.0033641619138971806
2016-03-18,0.006031152847186592
2016-03-21,-0.00016448820007640476
2016-03-22,0.0007699796636013989
2016-03-23,-0.006825187786159885
2016-03-24,-0.001067003782228815
2016-03-28,0.0012543228258612696
2016-03-29,0.01261476068592494
2016-03-30,0.003438629306251668
2016-03-31,0.005634199730841822
2016-04-01,0.00743232789193963
2016-04-04,-0.0037379366844493057
2016-04-05,-0.01033064936802656
2016-04-06,0.007675035474568226
2016-04-07,-0.006915182962668243
2016-04-08,0.002118121017982526
2016-04-11,-0.0024752925799791203
2016-04-12,0.003363454874845733
2016-04-13,0.010650755871777011
2016-04-14,-0.003209961978575456
2016-04-15,0.0016603992516767278
2016-04-18,0.002916446682137699
2016-04-19,-0.0007801490072483521
2016-04-20,-0.0009275749097132068
2016-04-21,-0.007785549906863074
2016-04-22,0.0017375306674855787
2016-04-25,-1.6442505368736635e-05
2016-04-26,0.0012342264423364302
2016-04-27,0.005713924615702433
2016-04-28,-0.011418020192193344
2016-04-29,-0.0008291311411528029
2016-05-02,0.009356929683147684
2016-05-03,-0.008304040098890303
2016-05-04,-0.0014848142884124327
2016-05-05,-0.0007331862647498516
2016-05-06,0.004961494415352293
2016-05-09,0.001148316132962215
2016-05-10,0.010900229075617794
2016-05-11,-0.009290288750296652
2016-05-12,-0.002978914897352207
2016-05-13,0.0010230851189682111
2016-05-16,0.011630617010027646
2016-05-17,-0.009832997885508746
2016-05-18,0.0008570935382714098
2016-05-19,-0.0027868909835749014
2016-05-20,0.00927928305417831
2016-05-23,0.00038257606708772755
2016-05-24,0.014649408711477482
2016-05-25,0.0006996088138925316
2016-05-26,0.0014548358893308147
2016-05-27,0.004326914749987938
2016-05-31,-0.0013249618410263644
2016-06-01,0.0037847721910213884
2016-06-02,0.0033561589046089413
2016-06-03,-0.0011602044214361574
2016-06-06,0.00046719698282890595
2016-06-07,0.0009421739130015761
2016-06-08,0.002811137072111878
2016-06-09,-0.0027782566854882475
2016-06-10,-0.013963229035403155
2016-06-13,-0.003412433647128381
2016-06-14,-0.0005031874790550405
2016-06-15,-0.0002773381321720381
2016-06-16,0.001613981048814339
2016-06-17,-0.0035553384018882856
2016-06-20,0.008277762244954424
2016-06-21,0.0013035068932109885
2016-06-22,-0.001963230666809044
2016-06-23,0.013390624986224238
2016-06-24,-0.032242374145349764
2016-06-27,-0.021494176047661448
2016-06-28,0.01741714500059145
2016-06-29,0.017333799567392755
2016-06-30,0.012138202182178554
2016-07-01,0.0008817933654058852
2016-07-05,-0.004485835317496387
2016-07-06,0.00249454595266065
2016-07-07,0.0021064445952259756
2016-07-08,0.01749464034058663
2016-07-11,0.004510968959215452
2016-07-12,0.007418009269204045
2016-07-13,0.001575349634879162
2016-07-14,0.0010055010295823496
2016-07-15,-0.00017446003988360817
2016-07-18,0.002204749637932877
2016-07-19,-0.0005471602158864596
2016-07-20,0.007557189475982299
2016-07-21,-0.005432616189553215
2016-07-22,0.008516915158325226
2016-07-25,-0.0004925742842303827
2016-07-26,0.00393798571312753
2016-07-27,-0.0011410912336274229
2016-07-28,0.00476462650389391
2016-07-29,-0.004100165097125385
2016-08-01,0.002898469655611646
2016-08-02,-0.0024563913160559636
2016-08-03,-0.0017547800456188649
2016-08-04,0.005954801370863456
2016-08-05,0.007397178375391337
2016-08-08,-2.1975903441604458e-05
2016-08-09,0.0009663737095913481
2016-08-10,-0.0074988910734280325
2016-08-11,0.003131865643270211
2016-08-12,0.001066534461668511
2016-08-15,0.004012830701344075
2016-08-16,-0.002902902790107018
2016-08-17,-0.0016332089692410135
2016-08-18,0.008916925805057225
2016-08-19,0.001277778900562785
2016-08-22,0.0014195056597685208
2016-08-23,0.0026604250527572093
2016-08-24,-0.006546280191754122
2016-08-25,0.0009530482890555403
2016-08-26,0.00020596067884625757
2016-08-29,0.0035578096109566285
2016-08-30,-0.0018937307626660082
2016-08-31,-0.0017340788637801995
2016-09-01,0.005052033481606464
2016-09-02,0.004688478566583574
2016-09-06,0.0035796630507908002
2016-09-07,-0.0016003256802846091
2016-09-08,-0.004814409176105316
2016-09-09,-0.025197932638860235
2016-09-12,0.01475029940748799
2016-09-13,-0.014414233498572052
2016-09-14,-0.0003011200456758448
2016-09-15,0.010379705758641819
2016-09-16,-0.0034873375862259606
2016-09-19,0.0019564883509612763
2016-09-20,-6.839763531143463e-05
2016-09-21,0.011188745330550596
2016-09-22,0.006388756822769577
2016-09-23,-0.0059421084971096015
2016-09-26,-0.006448254454266667
2016-09-27,0.00829089188403493
2016-09-28,0.0046557905677819585
2016-09-29,-0.007978980871706103
2016-09-30,0.006893065960121279
2016-10-03,-0.002163764791594218
2016-10-04,-0.004259333796626468
2016-10-05,0.00042477785960693293
2016-10-06,0.0020117757230539947
2016-10-07,-0.0022700527091991905
2016-10-10,0.005379542426738585
2016-10-11,-0.011888839002470397
2016-10-12,-0.0013806028627222353
2016-10-13,-0.0027789254834258074
2016-10-14,-0.0013684223357532499
2016-10-17,-0.0031475957629658467
2016-10-18,0.006274288291591742
2016-10-19,0.0018959801956576923
2016-10-20,-0.003700323574180931
2016-10-21,0.003133118724867807
2016-10-24,0.002995572376182865
2016-10-25,-0.005503151136888559
2016-10-26,-0.00877111911216034
2016-10-27,-0.004772006402351824
2016-10-28,-0.0004505063803553271
2016-10-31,0.0030792466004626907
2016-11-01,-0.01239148027538177
2016-11-02,-0.002598242949645861
2016-11-03,-0.0006605987240009848
2016-11-04,0.0004965921635460941
2016-11-07,0.023779171783839433
2016-11-08,0.005687892671806876
2016-11-09,0.009610900943202974
2016-11-10,-0.008523055534232498
2016-11-11,0.016439469875219513
2016-11-14,-0.00017838570225161486
2016-11-15,0.006968605702295423
2016-11-16,0.0026606583310483426
2016-11-17,0.008230049751198268
2016-11-18,-0.0013550284507266141
2016-11-21,0.005666658844824522
2016-11-22,0.004055651932144415
2016-11-23,-0.0064294918246897755
2016-11-25,0.004241856906775899
2016-11-28,-0.002842877428424835
2016-11-29,-0.001833592215516955
2016-11-30,-0.009215197521589747
2016-12-01,-0.01883427039146842
2016-12-02,0.004472589003287864
2016-12-05,0.00974738329924812
2016-12-06,0.006706062845597125
2016-12-07,0.010534768989089713
2016-12-08,0.0018296955772319561
2016-12-09,0.0031594641527278224
2016-12-12,-0.005640883880929569
2016-12-13,0.008707890212708532
2016-12-14,-0.0071796726253326205
2016-12-15,0.0069132413496317035
2016-12-16,-0.0006982239366755263
2016-12-19,0.005199512714155081
2016-12-20,0.001893454997503876
2016-12-21,-0.0028640278431715334
2016-12-22,-0.005057905144014226
2016-12-23,0.002885045549456397
2016-12-27,0.00712827009819458
2016-12-28,-0.01034400998921845
2016-12-29,0.002514151328526091
2016-12-30,-0.0071451305271812374
2017-01-03,0.005580968528384075
2017-01-04,0.0076741780633634345
2017-01-05,-0.0059927291189611235
2017-01-06,0.009138070472390174
2017-01-09,0.0030270254247077764
2017-01-10,0.0011259049142967738
2017-01-11,0.0014992311683195505
2017-01-12,0.00019508267444060743
2017-01-13,0.005986364024885793
2017-01-17,-0.0016436556451519203
2017-01-18,0.00427090045823309
2017-01-19,-0.0013535637364039755
2017-01-20,0.0044049747414965125
2017-01-23,0.0013366376284205917
2017-01-24,0.009901812917004139
2017-01-25,0.006682954289693633
2017-01-26,-0.004950788232608594
2017-01-27,0.0014316016055683305
2017-01-30,-0.003426319147372645
2017-01-31,0.0018569091548396835
2017-02-01,0.003122632887172645
2017-02-02,0.008547783491347794
2017-02-03,0.011814302482384553
2017-02-06,-0.001634295627635791
2017-02-07,0.0009240584135993938
2017-02-08,0.0018923199864103824
2017-02-09,0.0030357738778072196
2017-02-10,0.0010972845370169982
2017-02-13,-0.0019352131774206516
2017-02-14,0.0014006984492772022
2017-02-15,0.006019939321072116
2017-02-16,0.0005615652732931582
2017-02-17,0.0046390962570667105
2017-02-21,0.008792765592292206
2017-02-22,-0.0019881039589251734
2017-02-23,-0.0018164424897914742
2017-02-24,0.004418619752313365
2017-02-27,-0.00019691601190383593
2017-02-28,-0.003965444328612584
2017-03-01,0.010619635915916997
2017-03-02,-0.005667152153360387
2017-03-03,0.0010481462399122067
2017-03-06,-0.0023155809610366515
2017-03-07,-0.0021487916344500135
2017-03-08,0.0015602559533612937
2017-03-09,0.0010872851054636713
2017-03-10,0.004172223349786859
2017-03-13,0.00414166512307263
2017-03-14,-0.0017642268785023818
2017-03-15,0.0116693201434029
2017-03-16,0.0003958630774783069
2017-03-17,0.0008982309679034637
2017-03-20,0.0001987798551029174
2017-03-21,-0.01147068200355187
2017-03-22,0.004186958563739376
2017-03-23,-0.0005689734561455361
2017-03-24,7.545278685650909e-05
2017-03-27,-0.0004664159687236326
2017-03-28,0.003742333425095792
2017-03-29,0.004841123664935454
2017-03-30,0.0005836460913634277
2017-03-31,0.00038910548394364584
2017-04-03,-0.002044864751394799
2017-04-04,-0.003920286028141309
2017-04-05,-0.003192813899388884
2017-04-06,0.002013200868853007
2017-04-07,-9.909472872069003e-05
2017-04-10,0.0005394558279025218
2017-04-11,0.0006139157434004084
2017-04-12,-0.004965366526392097
2017-04-13,-0.004493677130829319
2017-04-17,0.0082058677261654
2017-04-18,-0.00120776715164562
2017-04-19,0.0010353207009985476
2017-04-20,0.006360417983516849
2017-04-21,-0.00147781863568901
2017-04-24,0.009732567379208627
2017-04-25,0.0035878161032321994
2017-04-26,-0.0034759074631141476
2017-04-27,0.00478329914718688
2017-04-28,-0.007668791193899574
2017-05-01,0.0033902853678813693
2017-05-02,-0.003964519926917252
2017-05-03,-0.007273563628637003
2017-05-04,0.006899513411643401
2017-05-05,0.004063250728181344
2017-05-08,-0.003078578741630267
2017-05-09,0.0008140574979157433
2017-05-10,0.011379071257042577
2017-05-11,-0.0005333315357966528
2017-05-12,-0.0030334223481070445
2017-05-15,0.010426111714420126
2017-05-16,0.0033555856410633213
2017-05-17,-0.016391382367149952
2017-05-18,0.004137514670884275
2017-05-19,0.008758556851101594
2017-05-22,0.005926299963006637
2017-05-23,-0.0027430547851488066
2017-05-24,0.008794771577976519
2017-05-25,0.006471320900824038
2017-05-26,-0.0014683446712077152
2017-05-30,0.00037280175155552297
2017-05-31,0.001632058646943766
2017-06-01,0.0071531628222204525
2017-06-02,0.004588025554543518
2017-06-05,0.0008886316196784439
2017-06-06,-0.0024297991919470176
2017-06-07,0.0026522880439107375
2017-06-08,0.004479848161890798
2017-06-09,-0.015163202419858744
2017-06-12,-0.002125189483311454
2017-06-13,0.007529601619874371
2017-06-14,-0.0017446406935524817
2017-06-15,0.0003625757769093331
2017-06-16,-0.0001407185672796762
2017-06-19,0.011953129303929213
2017-06-20,-0.005514765365712133
2017-06-21,0.0029081834218376685
2017-06-22,0.0012063037831756863
2017-06-23,-2.768345756543533e-05
2017-06-26,-0.0013453440796332796
2017-06-27,-0.013057143619044096
2017-06-28,0.011979427326020574
2017-06-29,-0.01248321546618802
2017-06-30,0.00013230401143331954
2017-07-03,-0.0035290999009841826
2017-07-05,0.004097385156343165
2017-07-06,-0.010505260538796227
2017-07-07,0.009081366584009414
2017-07-10,0.0009954820034192304
2017-07-11,0.0019241717809888085
2017-07-12,0.022093442903767763
2017-07-13,0.003340211106015856
2017-07-14,0.010647030918856206
2017-07-17,2.6868118191734165e-05
2017-07-18,0.00194645501968965
2017-07-19,0.007255780035245586
2017-07-20,-0.0017652828541473568
2017-07-21,0.0007660221961315373
2017-07-24,0.0005022246198691566
2017-07-25,-0.0012123764856100693
2017-07-26,0.0018983427686068844
2017-07-27,-0.00573755795074324
2017-07-28,-0.003935998976622836
2017-07-31,-0.004506738147158096
2017-08-01,-0.0015069880344640873
2017-08-02,-0.004785416195498637
2017-08-03,-0.005694669849256777
2017-08-04,0.0014754834139919695
2017-08-07,0.003938579636636913
2017-08-08,-0.00625461212658272
2017-08-09,0.0011508906205366508
2017-08-10,-0.017886781604914314
2017-08-11,0.0028438121589754763
2017-08-14,0.012444940820855992
2017-08-15,-0.0023664478751429345
2017-08-16,0.0032390438539075775
2017-08-17,-0.016361623458684145
2017-08-18,-0.0026344359413560657
2017-08-21,-0.000543994168725046
2017-08-22,0.00898395825271912
2017-08-23,-0.001116518248152021
2017-08-24,-0.0023172995683041586
2017-08-25,-0.0003240794396129141
2017-08-28,5.095362956617945e-05
2017-08-29,0.0009914522446236207
2017-08-30,0.006663059638825959
2017-08-31,0.008980450055223493
2017-09-01,0.0008804044965662252
2017-09-05,-0.005895278462204647
2017-09-06,0.00010733337798799703
2017-09-07,0.006189075654489886
2017-09-08,-0.0005403951649065773
2017-09-11,0.011855930688174192
2017-09-12,0.0025594046625333137
2017-09-13,-0.0038979744734206627
2017-09-14,-0.003633892319955474
2017-09-15,0.0056783219700909
2017-09-18,0.005310997147150008
2017-09-19,0.0015868726081215763
2017-09-20,-0.002417484129530658
2017-09-21,-0.002944835825738714
2017-09-22,0.0021806363345816095
2017-09-25,-0.008052042529705261
2017-09-26,0.004728987569626555
2017-09-27,0.008023036483500707
2017-09-28,-0.001685017578293992
2017-09-29,0.006892245952375351
2017-10-02,0.0036107145348999127
2017-10-03,-0.00012682929733398115
2017-10-04,0.0020379719083942227
2017-10-05,0.005359545654819087
2017-10-06,0.00035614483014589904
2017-10-09,4.121522921862739e-05
2017-10-10,0.0016646691228756484
2017-10-11,0.003531788238787761
2017-10-12,0.003176558465630479
2017-10-13,0.00415776058666232
2017-10-16,0.0005790795886489921
2017-10-17,-0.00026076967006251735
2017-10-18,0.003557472701348452
2017-10-19,-0.00253347627428107
2017-10-20,0.002909052701406152
2017-10-23,0.0012036742464825913
2017-10-24,9.339548921716298e-05
2017-10-25,-0.005344161096509513
2017-10-26,0.0033471497489133873
2017-10-27,-0.004020256137845143
2017-10-30,-0.004907586034795909
2017-10-31,0.00658808923578198
2017-11-01,-0.0030647381837952906
2017-11-02,-0.0023923562513387744
2017-11-03,0.008175725310370289
2017-11-06,-0.00028444899617638105
2017-11-07,0.0017020023590718924
2017-11-08,0.0033525300001104033
2017-11-09,-0.005972503817424455
2017-11-10,0.005080963532464185
2017-11-13,-0.0003550707547807752
2017-11-14,0.002621834601500766
2017-11-15,-0.0024968854052284813
2017-11-16,0.016628311830640237
2017-11-17,-0.0014758911075533024
2017-11-20,0.00482737762934908
2017-11-21,0.008757534109011407
2017-11-22,-0.00031566930198252864
2017-11-24,0.0030151373309512636
2017-11-27,-1.2268587677377422e-05
2017-11-28,0.0072939231385368685
2017-11-29,-0.011502912917889643
2017-11-30,0.00877763548937058
2017-12-01,-0.0022779396736647335
2017-12-04,-0.0018729260841796025
2017-12-05,-0.003746522176450169
2017-12-06,0.000558349628878632
2017-12-07,0.004866199599017835
2017-12-08,0.005414197447737007
2017-12-11,0.0010842037020108947
2017-12-12,-0.00205861330058871
2017-12-13,0.0002986429175431571
2017-12-14,-0.004084326990550906
2017-12-15,0.010334964251216074
2017-12-18,0.010735909135495008
2017-12-19,4.468256570773203e-05
2017-12-20,-0.0023284651293145188
2017-12-21,-0.004569381397399007
2017-12-22,0.000959806388578457
2017-12-26,0.0009713237721182645
2017-12-27,-6.95695559395791e-05
2017-12-28,0.0022268369053702886
2017-12-29,-0.00529713625730496
2018-01-02,0.005258385634683811
2018-01-03,0.009362699796837383
2018-01-04,0.0034463193598329497
2018-01-05,0.009153919988256149
2018-01-08,0.006226550031372109
2018-01-09,-0.003993504691888896
2018-01-10,-0.004999240468475134
2018-01-11,0.007189549175831411
2018-01-12,0.007999244587415527
2018-01-16,-0.0048836011128288925
2018-01-17,0.013220466270267909
2018-01-18,-0.0020405266312664948
2018-01-19,0.005808442066852453
2018-01-22,0.0053187815903069785
2018-01-23,0.002407244821815846
2018-01-24,0.0005277528863863034
2018-01-25,0.0024675690906054417
2018-01-26,0.00666561452881484
2018-01-29,-0.005619927298109664
2018-01-30,-0.008054243048293368
2018-01-31,-0.0038710220534410177
2018-02-01,0.0019336220723060473
2018-02-02,-0.018700778603250836
2018-02-05,-0.039361018839488
2018-02-06,0.01883572866373342
2018-02-07,-0.006592046757904831
2018-02-08,-0.03335489424467555
2018-02-09,0.012193263924599265
2018-02-12,0.008916705564693112
2018-02-13,0.0080359591111654
2018-02-14,0.011376827986962379
2018-02-15,0.011697578487434813
2018-02-16,0.0012689015088419354
2018-02-20,0.00015094564065529757
2018-02-21,-0.008808908104095162
2018-02-22,0.004153409363666105
2018-02-23,0.018740731505933923
2018-02-26,0.008540594571718234
2018-02-27,-0.010857118047588194
2018-02-28,-0.007112803450702704
2018-03-01,-0.008732851595241753
2018-03-02,0.009746976406817294
2018-03-05,0.011723463939549551
2018-03-06,0.0068672507160773355
2018-03-07,0.004192585315497453
2018-03-08,0.005612133627175772
2018-03-09,0.015312541719758743
2018-03-12,0.0019656225607038633
2018-03-13,-0.004207369821394114
2018-03-14,-0.0019170242018130379
2018-03-15,-0.0012300779468491553
2018-03-16,0.0028470566094272393
2018-03-19,-0.013343502338428065
2018-03-20,0.003122158388676181
2018-03-21,-0.0022306964235642023
2018-03-22,-0.019967868743746182
2018-03-23,-0.018013025175750506
2018-03-26,0.021195526066683536
2018-03-27,-0.018476790777094628
2018-03-28,-0.0024873030182302
2018-03-29,0.01719407790386067
2018-04-02,-0.023151515267913477
2018-04-03,0.01153214550156945
2018-04-04,0.013677793461147716
2018-04-05,0.0023205930140828765
2018-04-06,-0.018642302046621515
2018-04-09,0.0032883704870992946
2018-04-10,0.019252176136109193
2018-04-11,-0.005010741517870656
2018-04-12,0.005826779611020552
2018-04-13,-0.003744718306198292
2018-04-16,0.010717858401493306
2018-04-17,0.01277699364031629
2018-04-18,0.001340514389937439
2018-04-19,-0.01091526545146408
2018-04-20,-0.011608555156286338
2018-04-23,-0.0021666940950743154
2018-04-24,-0.0074687693608279215
2018-04-25,0.0008177353555806552
2018-04-26,0.009389371054090523
2018-04-27,0.0068130745014257955
2018-04-30,-0.006755416445603628
2018-05-01,0.0028665613657080026
2018-05-02,-0.002535157464083131
2018-05-03,0.0018626829300540453
2018-05-04,0.014438322167645394
2018-05-07,0.003922576270546498
2018-05-08,0.002702153246977863
2018-05-09,0.01059057143999791
2018-05-10,0.00973025341914946
2018-05-11,0.002318606144689146
2018-05-14,-0.0026576246567025087
2018-05-15,-0.007679102842372577
2018-05-16,0.000920878535553937
2018-05-17,-0.0005143160430447361
2018-05-18,-0.00011821781227089128
2018-05-21,0.004562575720321536
2018-05-22,-0.002695294895524705
2018-05-23,0.003899896884760108
2018-05-24,0.003300847068233352
2018-05-25,0.0025509760084957735
2018-05-29,-0.00506974140771368
2018-05-30,0.011455132382164366
2018-05-31,-0.0074920911705746475
2018-06-01,0.010222119766451133
2018-06-04,0.007667279739931062
2018-06-05,0.00411587918560766
2018-06-06,0.008219518990068155
2018-06-07,-0.005437268087236538
2018-06-08,0.0027214081099627974
2018-06-11,0.001929356241090008
2018-06-12,0.006834296196906742
2018-06-13,-0.0028859027820084073
2018-06-14,0.006384177665120774
2018-06-15,0.0030306458688784637
2018-06-18,-0.0035723089268068398
2018-06-19,-0.0061348758416381165
2018-06-20,0.002398568256678906
2018-06-21,-0.004351946773676443
2018-06-22,-0.0035656302753070573
2018-06-25,-0.011655930055096544
2018-06-26,0.0017952038248870528
2018-06-27,-0.01165846476359889
2018-06-28,0.005861791531285598
2018-06-29,0.0009953365815274305
2018-07-02,0.006586369414853998
2018-07-03,-0.003766804031653721
2018-07-05,0.012046270372335917
2018-07-06,0.007740163463402742
2018-07-09,0.004831412993972304
2018-07-10,0.00476466670589867
2018-07-11,-0.0053580689296802405
2018-07-12,0.011515593509082421
2018-07-13,0.0017494863244919448
2018-07-16,-0.0032755028695195727
2018-07-17,0.007903028802127846
2018-07-18,-0.00021921544263848547
2018-07-19,0.0017482447952200486
2018-07-20,-0.0017527349191265797
2018-07-23,-0.0034521009731409793
2018-07-24,-0.0036502010253550887
2018-07-25,0.009090450773835796
2018-07-26,0.00039364617963153924
2018-07-27,-0.006141173807332652
2018-07-30,-0.013474026016200177
2018-07-31,0.013275148537249386
2018-08-01,3.463906546922029e-05
2018-08-02,0.015228597811250473
2018-08-03,0.004891265191907963
2018-08-06,0.005316695343612716
2018-08-07,0.0033774665408748293
2018-08-08,-0.0017725399681534526
2018-08-09,0.0003211352867702865
2018-08-10,-0.006347351912172603
2018-08-13,-0.0002455141191664723
2018-08-14,0.009253677809127949
2018-08-15,-0.0006799719777056444
2018-08-16,0.0047292916823458465
2018-08-17,0.004238930536951222
2018-08-20,0.0034827223795157905
2018-08-21,-0.0004312573329621118
2018-08-22,0.00295831201057688
2018-08-23,0.001945297734664257
2018-08-24,0.009045037153620717
2018-08-27,0.005096043326925393
2018-08-28,0.002910174306275271
2018-08-29,0.0038365096252282083
2018-08-30,-0.0016040881792328896
2018-08-31,0.005509134781045684
2018-09-04,0.0026276769784789387
2018-09-05,-0.006083219173388476
2018-09-06,-0.003971087424962145
2018-09-07,-0.0014231968208610543
2018-09-10,0.004756838687916818
2018-09-11,0.0012755552659964263
2018-09-12,2.773744860626407e-05
2018-09-13,0.004390061249490098
2018-09-14,-0.0005817493733970869
2018-09-17,-0.008847676681642378
2018-09-18,0.0040399032527477195
2018-09-19,-0.004744167868495909
2018-09-20,0.0060591117094215136
2018-09-21,-0.0007879448528473087
2018-09-24,-0.0035818951705906387
2018-09-25,-3.4788039331772295e-05
2018-09-26,-0.0021657846370330214
2018-09-27,0.003978878788394367
2018-09-28,0.005488045804131923
2018-10-01,0.0009103698451397249
2018-10-02,-0.003051642986579281
2018-10-03,-0.0010624463429182507
2018-10-04,-0.013691605744870779
2018-10-05,-0.008205274856714464
2018-10-08,-0.0056257418254099046
2018-10-09,-0.0030391133939721635
2018-10-10,-0.032073242947970315
2018-10-11,-0.018924851907030995
2018-10-12,0.02045611073268899
2018-10-15,-0.0057728080714770594
2018-10-16,0.02355434788821459
2018-10-17,-0.0020363633424628526
2018-10-18,-0.012620663645866496
2018-10-19,-0.003953167650575553
2018-10-22,0.0009410183547629945
2018-10-23,-0.007029986870399046
2018-10-24,-0.0293994653861484
2018-10-25,0.019773297589554036
2018-10-26,-0.017540510875482564
2018-10-29,-0.0082030568352749
2018-10-30,0.027622204581443415
2018-10-31,0.012042099122369318
2018-11-01,0.009670020124863038
2018-11-02,-0.010560958725803943
2018-11-05,-0.0024687046598418543
2018-11-06,-0.0006417413261350589
2018-11-07,0.017762207212971518
2018-11-08,-0.0001266631848859225
2018-11-09,-0.003928587448127888
2018-11-12,-0.01630300323188924
2018-11-13,0.0038801108475282845
2018-11-14,-0.00583825526610498
2018-11-15,0.004032722024345614
2018-11-16,-0.0025430180981481022
2018-11-19,-0.025926075497976334
2018-11-20,-0.00826021864324162
2018-11-21,-8.42323585938541e-05
2018-11-23,-0.0016176517956819536
2018-11-26,0.017589473849746143
2018-11-27,0.0017456824691885362
2018-11-28,0.02507727183831891
2018-11-29,-0.00444704626442976
2018-11-30,0.006118739694596411
2018-12-03,0.013284648787996494
2018-12-04,-0.02834870956157182
2018-12-06,0.003654743867805475
2018-12-07,-0.0250500692967721
2018-12-10,0.00564787259170752
2018-12-11,0.0002259607772919337
2018-12-12,0.008392107271740574
2018-12-13,-0.0023916069703390354
2018-12-14,-0.016913345636960064
2018-12-17,-0.0253457137248459
2018-12-18,0.006688262395452487
2018-12-19,-0.015469085140770904
2018-12-20,-0.014178221046076618
2018-12-21,-0.019647797653231738
2018-12-24,-0.023836328383053513
2018-12-26,0.04386450773656792
2018-12-27,0.0081722593920452
2018-12-28,0.0005248838228799625
2018-12-31,0.008399465915962603
2019-01-02,-0.006289187647585469
2019-01-03,-0.028614855819884183
2019-01-04,0.02979920642868552
2019-01-07,0.009677123187587072
2019-01-08,0.009434971193956658
2019-01-09,0.006278600715563787
2019-01-10,0.00630341034529149
2019-01-11,0.00014912493684221328
2019-01-14,-0.007342373516962693
2019-01-15,0.009138136551820306
2019-01-16,-0.0031374727263503792
2019-01-17,0.0040820695440567396
2019-01-18,0.01258112747608065
2019-01-22,-0.012107830320490698
2019-01-23,0.001444231256471755
2019-01-24,0.00892559159681953
2019-01-25,0.008968264403014509
2019-01-28,-0.009201142568165444
2019-01-29,-0.0024170275652923576
2019-01-30,0.014600794179768093
2019-01-31,0.015609955773355815
2019-02-01,0.0047820032152895795
2019-02-04,0.013162928199803888
2019-02-05,0.0034507646063131636
2019-02-06,0.00414999235147401
2019-02-07,-0.009764888977938941
2019-02-08,0.010422873902439159
2019-02-11,-0.0007636492007930727
2019-02-12,0.01134619455328403
2019-02-13,0.003981014632950774
2019-02-14,-0.001644696629016207
2019-02-15,0.010531722816332505
2019-02-19,-0.0009574234779608661
2019-02-20,0.0015622075963528958
2019-02-21,0.0008497931511248023
2019-02-22,0.006851689301168865
2019-02-25,-0.0012058010247068874
2019-02-26,-0.0011588053143597188
2019-02-27,-0.0018319849096854713
2019-02-28,-0.0026592775684979933
2019-03-01,0.005307697973007178
2019-03-04,-0.006620195938288825
2019-03-05,-0.0004371076858213518
2019-03-06,-0.00824264315162916
2019-03-07,-0.0067081127989454805
2019-03-08,-0.002426228129541252
2019-03-11,0.015675495545204064
2019-03-12,0.003545231922719996
2019-03-13,0.006676291994298218
2019-03-14,-0.0016858642914887281
2019-03-15,0.007468004470063906
2019-03-18,0.0007001021915589378
2019-03-19,0.004009796526669951
2019-03-20,-0.0001932436369870773
2019-03-21,0.01919204569399799
2019-03-22,-0.016984192605870717
2019-03-25,-0.0003372511189335148
2019-03-26,0.006777989055538791
2019-03-27,-0.007111302689956235
2019-03-28,0.0051201823925555974
2019-03-29,0.007537216790203276
2019-04-01,0.008651747908906588
2019-04-02,-0.0015684895271358278
2019-04-03,0.008208089672757888
2019-04-04,-0.0030105167347326224
2019-04-05,0.005073892877884077
2019-04-08,0.004655971661856357
2019-04-09,-0.003624337384042589
2019-04-10,0.003832849730597401
2019-04-11,0.00397021451636832
2019-04-12,0.006030636460404688
2019-04-15,0.0018695755891915942
2019-04-16,-0.0013986394271802772
2019-04-17,-0.006740864649077736
2019-04-18,0.0013610206995690933
2019-04-22,0.0008827071597243341
2019-04-23,0.00593964553282952
2019-04-24,0.000493751648576941
2019-04-25,-0.003738234728574929
2019-04-26,0.0033818388764622577
2019-04-29,0.0008393916784651224
2019-04-30,0.003802286904283103
2019-05-01,-0.006983397782228811
2019-05-02,0.0058594441421838585
2019-05-03,-0.00030142987500806153
2019-05-06,-0.006785343508674003
2019-05-07,-0.01865366759180376
2019-05-08,-0.0012436716478239074
2019-05-09,-0.0021060478651790996
2019-05-10,0.0035049526967207752
2019-05-13,-0.02924887688905421
2019-05-14,0.011677179885392385
2019-05-15,0.006369578208709195
2019-05-16,0.007954314137680073
2019-05-17,-0.007366633974091946
2019-05-20,-0.0074553036440701305
2019-05-21,0.011188084913455465
2019-05-22,-0.003410040174293218
2019-05-23,-0.01528031538051522
2019-05-24,0.0013544815489663264
2019-05-28,-0.009795359533205041
2019-05-29,-0.008496975707846275
2019-05-30,0.0036014513545902685
2019-05-31,-0.013308761337245123
2019-06-03,-0.0007357963833346885
2019-06-04,0.02514918135954888
2019-06-05,0.011723089150162614
2019-06-06,0.0036121680801991653
2019-06-07,0.009889905730563395
2019-06-10,0.0037023635912317686
2019-06-11,-0.00011938101315389171
2019-06-12,-0.0019080169579562473
2019-06-13,0.003846015365933071
2019-06-14,-0.005538809212303378
2019-06-17,0.0005820753374586247
2019-06-18,0.008013413395565928
2019-06-19,0.005205515475583798
2019-06-20,0.004205566750907587
2019-06-21,-0.005008646107435592
2019-06-24,-0.0009267903524757373
2019-06-25,-0.006655739628145243
2019-06-26,-0.0036524295113364953
2019-06-27,0.01166328743234041
2019-06-28,0.007617293622986932
2019-07-01,0.008476006408337886
2019-07-02,0.0006486906855044429
2019-07-03,0.009955806408267182
2019-07-05,-0.003946158005420197
2019-07-08,-0.006982226341595186
2019-07-09,0.004633667253325715
2019-07-10,0.004290304586313059
2019-07-11,0.00528573568075673
2019-07-12,0.007533192076570829
2019-07-15,0.0018387133329248462
2019-07-16,-0.004881666666952907
2019-07-17,-0.003046260661909504
2019-07-18,0.005996722747687025
2019-07-19,-0.009411207250198974
2019-07-22,0.0020500960454161317
2019-07-23,0.0068470156447308075
2019-07-24,0.0029769193569565643
2019-07-25,-0.005057256599660787
2019-07-26,0.006295173473760203
2019-07-29,-0.0014566733270814725
2019-07-30,-0.009999139757309438
2019-07-31,-0.01188253749924745
2019-08-01,-0.005033762425915746
2019-08-02,-0.010675955419226474
2019-08-05,-0.03336537526692334
2019-08-06,0.013323606833213557
2019-08-07,0.004127777161454134
2019-08-08,0.02599255131756875
2019-08-09,-0.012416129364560371
2019-08-12,-0.011453836867016065
2019-08-13,0.014867741685733021
2019-08-14,-0.02866674740038777
2019-08-15,0.003751654757579304
2019-08-16,0.019081906993397436
2019-08-19,0.01352204180302077
2019-08-20,-0.0040666047579100174
2019-08-21,0.008208389866024297
2019-08-22,-0.001223761349189254
2019-08-23,-0.02423065600990958
2019-08-26,0.010865973090021913
2019-08-27,-0.0025277222203813387
2019-08-28,0.0011817764287734979
2019-08-29,0.011823225779794028
2019-08-30,0.0035849331860169672
2019-09-03,-0.008756130684997955
2019-09-04,0.012694684526920087
2019-09-05,0.013226329463583646
2019-09-06,-1.614513531345452e-05
2019-09-09,-0.004067933163691646
2019-09-10,-0.003582250190228948
2019-09-11,0.009235937154466762
2019-09-12,-0.0009095405613651945
2019-09-13,-0.00410485689891999
2019-09-16,-0.0008622115085896501
2019-09-17,0.00534998524184263
2019-09-18,0.0022135507405885192
2019-09-19,-0.0011440077546483265
2019-09-20,-0.004489330690260566
2019-09-23,0.003312849816982761
2019-09-24,-0.005915512355682472
2019-09-25,0.00803012937318635
2019-09-26,0.0012632556124007887
2019-09-27,-0.007463291588686726
2019-09-30,0.004823011737403099
2019-10-01,-0.01216818535562128
2019-10-02,-0.016085097404906327
2019-10-03,0.00896161145537107
2019-10-04,0.011967526022014487
2019-10-07,-0.0030698497064841224
2019-10-08,-0.01726028516466256
2019-10-09,0.00525525655052935
2019-10-10,0.0023915449889403465
2019-10-11,0.01384146203254145
2019-10-14,0.00033018424358540507
2019-10-15,0.010309387347642487
2019-10-16,-0.0010448657636753773
2019-10-17,0.008277165310115039
2019-10-18,-0.003859492619956999
2019-10-21,0.0029398628627409717
2019-10-22,-0.005906403804235101
2019-10-23,0.0013742595686286174
2019-10-24,0.007222176054454814
2019-10-25,0.007278959333254406
2019-10-28,0.0031605537167405822
2019-10-29,-0.002749135713269806
2019-10-30,0.004318164625711226
2019-10-31,-0.002960399481016314
2019-11-01,0.012137278648366126
2019-11-04,0.0008401216520514016
2019-11-05,-0.012423439671003117
2019-11-06,0.0008139595145628142
2019-11-07,-0.0007442812012598412
2019-11-08,-0.0019455696357589094
2019-11-11,-0.0021000597941979527
2019-11-12,0.001592108753307988
2019-11-13,0.0024250863214304364
2019-11-14,0.0013741016048038149
2019-11-15,0.0060851662148219314
2019-11-18,0.004091284579183569
2019-11-19,-0.0011684948939484395
2019-11-20,-0.0036783593709927053
2019-11-21,-0.004688421082516858
2019-11-22,0.0027675645064161444
2019-11-25,0.010176330556342485
2019-11-26,-0.000331888922234911
2019-11-27,0.0036145152291731583
2019-11-29,-0.0023938811849250107
2019-12-02,-0.01108681265484469
2019-12-03,-0.0048196500512016315
2019-12-04,0.009848169832564953
2019-12-05,0.0020379145779816452
2019-12-06,0.0038423013551806395
2019-12-09,-0.0021224221724672975
2019-12-10,0.0005177575857352279
2019-12-11,0.003944806828699848
2019-12-12,0.008728592858386107
2019-12-13,0.001102309301802986
2019-12-16,0.009757646339311166
2019-12-17,-0.002484992710423666
2019-12-18,-0.001572399670317894
2019-12-19,0.004946035875930042
2019-12-20,0.0066395566204701904
2019-12-23,-0.0017960677157328718
2019-12-24,0.0001582643060207633
2019-12-26,0.0015833484917545486
2019-12-27,-0.0013874368558804665
2019-12-30,-0.004708982915077118
2019-12-31,0.004410950417682043
2020-01-02,0.00824016425295268
2020-01-03,-0.004329609806950865
2020-01-06,0.002097934625082307
2020-01-07,-0.0007865699448093674
2020-01-08,0.010097428670950075
2020-01-09,0.009715949094973643
2020-01-10,0.0009522895467541839
2020-01-13,0.0069298224476009905
2020-01-14,-0.0005419122097254771
2020-01-15,0.005189467958817749
2020-01-16,0.009271568187488413
2020-01-17,-0.0013367876904075348
2020-01-21,0.0016062698117392674
2020-01-22,0.0012783130956415386
2020-01-23,0.0045525432817405285
2020-01-24,-0.009888652823526814
2020-01-27,-0.017804230623477534
2020-01-28,0.009948784207243579
2020-01-29,-0.002345196446976856
2020-01-30,0.0012183693160786292
2020-01-31,-0.018984308851637093
2020-02-03,0.009001420280701411
2020-02-04,0.015338186187516884
2020-02-05,0.006111561165938939
2020-02-06,0.00369421639469163
2020-02-07,-0.0037092888461206426
2020-02-10,0.008027202861497384
2020-02-11,0.005724999081572087
2020-02-12,0.006934792711940832
2020-02-13,-0.0028893195484871897
2020-02-14,0.013127607310155916
2020-02-18,-0.00545376335621103
2020-02-19,0.004327143559001847
2020-02-20,-0.0012329344799118407
2020-02-21,-0.009178517582515732
2020-02-24,-0.03219466771384165
2020-02-25,-0.029716003532562048
2020-02-26,-0.008945769716723166
2020-02-27,-0.037389478774804426
2020-02-28,-0.006415195140285435
2020-03-02,0.03613839057733455
2020-03-03,-0.020773681283475464
2020-03-04,0.04085917211262561
2020-03-05,-0.029140945394029456
2020-03-06,-0.012182312081626998
2020-03-09,-0.07213973649929768
2020-03-10,0.04568574034371558
2020-03-11,-0.05362741447824984
2020-03-12,-0.10249997131957152
2020-03-13,0.08506306208683169
2020-03-16,-0.11830292187384797
2020-03-17,0.03423368930359577
2020-03-18,-0.07364452135698897
2020-03-19,0.048324933701126754
2020-03-20,-0.05622488209966906
2020-03-23,-0.00908653485977399
2020-03-24,0.10967327379291186
2020-03-25,0.018282836246710524
2020-03-26,0.07052575704709257
2020-03-27,-0.03103299395277549
2020-03-30,0.017962485098968008
2020-03-31,-0.016070858563566073
2020-04-01,-0.04713279363299203
2020-04-02,0.009196726045240453
2020-04-03,-0.02003233119793252
2020-04-06,0.08207207350612548
2020-04-07,0.005979675638028761
2020-04-08,0.03215522545422541
2020-04-09,0.011106544440421915
2020-04-13,-0.01256399145901842
2020-04-14,0.03633910911250629
2020-04-15,-0.026585493733092682
2020-04-16,-0.0023338990147824343
2020-04-17,0.03141735332718999
2020-04-20,-0.015167956573389148
2020-04-21,-0.03436901027140765
2020-04-22,0.029313166328908444
2020-04-23,0.002410614160182435
2020-04-24,0.021104081894599485
2020-04-27,0.021690948110834832
2020-04-28,-0.0004681033618748829
2020-04-29,0.02958423795444283
2020-04-30,-0.016158874353278063
2020-05-01,-0.032126202046171115
2020-05-04,0.0048872139958084215
2020-05-05,0.00809981464450289
2020-05-06,-0.0019059655308060195
2020-05-07,0.028220429233588543
2020-05-08,0.015760330512721913
2020-05-11,-0.0019940340846598304
2020-05-12,-0.017050104052183705
2020-05-13,-0.018617154275747345
2020-05-14,0.013345978215307527
2020-05-15,0.005761426252485861
2020-05-18,0.043901827278786026
2020-05-19,-0.008832535613833624
2020-05-20,0.015431081498556804
2020-05-21,-0.009011344463929932
2020-05-22,0.0031820422793008966
2020-05-26,0.011788524077805621
2020-05-27,0.009833779948894561
2020-05-28,-0.0028323962361542204
2020-05-29,0.008319433739690399
2020-06-01,0.007388798164785949
2020-06-02,0.01138071284163758
2020-06-03,0.023438493908859857
2020-06-04,-0.006721243776066839
2020-06-05,0.02827070137994893
2020-06-08,0.010086995346673318
2020-06-09,-0.0182237037148712
2020-06-10,-0.005655305985706103
2020-06-11,-0.0617442979783534
2020-06-12,0.014777334798389746
2020-06-15,0.00987000804211938
2020-06-16,0.023047994539271484
2020-06-17,-0.0028212633081407027
2020-06-18,-0.0009648364852079495
2020-06-19,-0.006543760943391796
2020-06-22,0.010800035637037282
2020-06-23,0.00441019531307453
2020-06-24,-0.03166102968349078
2020-06-25,0.012653531963925966
2020-06-26,-0.018957591040820745
2020-06-29,0.01845955035367752
2020-06-30,0.014628901751538028
2020-07-01,-0.0006876629631905342
2020-07-02,0.00151234578688868
2020-07-06,0.014104474213321666
2020-07-07,-0.010941408987413213
2020-07-08,0.011030558782573153
2020-07-09,-0.00998110990029094
2020-07-10,0.0042743261772795055
2020-07-13,-0.013042191494993726
2020-07-14,0.014755795756783126
2020-07-15,0.0158061748845235
2020-07-16,-0.008017189666865949
2020-07-17,0.004857000237081417
2020-07-20,0.007075664296159942
2020-07-21,-6.017280442246705e-05
2020-07-22,0.005713996603316165
2020-07-23,-0.005409951170637241
2020-07-24,-0.00857308516446373
2020-07-27,0.011353763054913592
2020-07-28,-0.008545013736376986
2020-07-29,0.013878442577925804
2020-07-30,-0.0017203857544523427
2020-07-31,0.004333877266797787
2020-08-03,0.0038578293861589383
2020-08-04,0.012089106074227885
2020-08-05,0.006266022467042167
2020-08-06,0.00789749694270434
2020-08-07,-0.004911636813856841
2020-08-10,0.00561015019671538
2020-08-11,-0.0031494452157329092
2020-08-12,0.012030626744140136
2020-08-13,-0.002604179961759763
2020-08-14,-0.00015888957752843182
2020-08-17,0.0071407663482728045
2020-08-18,-9.947835858268758e-05
2020-08-19,-0.0054627698012716195
2020-08-20,0.002573034962580061
2020-08-21,0.0033100322017526555
2020-08-24,0.01159934804693648
2020-08-25,0.001397540970340931
2020-08-26,0.0022072539771814405
2020-08-27,0.00011728897671894325
2020-08-28,0.011948254783420733
2020-08-31,-0.002008607786842562
2020-09-01,0.003578788039125254
2020-09-02,0.018609075968983844
2020-09-03,-0.03626498352311476
2020-09-04,-0.010919407077673795
2020-09-08,-0.023185502172962027
2020-09-09,0.018900988297371888
2020-09-10,-0.01736725222827261
2020-09-11,-0.0014916759062038399
2020-09-14,0.020458899339168238
2020-09-15,0.005661405970870046
2020-09-16,9.407388938803313e-05
2020-09-17,-0.007946132118764986
2020-09-18,-0.00990662106943022
2020-09-21,-0.01135227745889985
2020-09-22,0.0061204082884585
2020-09-23,-0.02231579934982359
2020-09-24,0.006345673147078283
2020-09-25,0.016371551575451546
2020-09-28,0.014476660447214174
2020-09-29,-0.0027581661241252893
2020-09-30,0.009214423223575676
2020-10-01,0.004025657937524456
2020-10-02,-0.006902086848823746
2020-10-05,0.01508815074183213
2020-10-06,-0.007174921582625037
2020-10-07,0.015436849224389306
2020-10-08,0.012415639109550528
2020-10-09,0.01011098898446603
2020-10-12,0.01033769969903834
2020-10-13,-0.0046637014562939914
2020-10-14,-0.004065124431731455
2020-10-15,0.0011652808712479157
2020-10-16,-0.003503248446642391
2020-10-19,-0.012086437513284446
2020-10-20,0.00678198199845764
2020-10-21,-0.004459982117659465
2020-10-22,0.0023334658852780478
2020-10-23,0.006376052091074822
2020-10-26,-0.0226610206153484
2020-10-27,-0.009112454749354506
2020-10-28,-0.03500940593809561
2020-10-29,0.016876081316502072
2020-10-30,-0.012693650658061193
2020-11-02,0.018581123879431068
2020-11-03,0.027559647832913127
2020-11-04,0.02788846034569431
2020-11-05,0.013456363752307628
2020-11-06,0.0035435299898499343
2020-11-09,0.023477411953051613
2020-11-10,-0.0032983749032951554
2020-11-11,0.003602898531456775
2020-11-12,-0.0133485475880287
2020-11-13,0.020656597931651203
2020-11-16,0.013092129209584517
2020-11-17,-0.005021216471374554
2020-11-18,-0.011771285178789923
2020-11-19,0.008562961063865577
2020-11-20,-0.007759461310063472
2020-11-23,0.008139319264194844
2020-11-24,0.008589230629092524
2020-11-25,-0.0019285848384594751
2020-11-27,0.007858544416117351
2020-11-30,-0.0031919059334928872
2020-12-01,0.008784877824896613
2020-12-02,0.004353438372261219
2020-12-03,-0.0016639070216667928
2020-12-04,0.013475266916717753
2020-12-07,-0.005532375915213045
2020-12-08,0.0044725231672690675
2020-12-09,-0.005646192687169188
2020-12-10,-2.3865029546028794e-05
2020-12-11,-0.00562378996723424
2020-12-14,-0.0025455741473410327
2020-12-15,0.016310093659372603
2020-12-16,0.0009687392302548225
2020-12-17,0.00828063177217281
2020-12-18,0.0006723811828782047
2020-12-21,-0.004580633133736996
2020-12-22,0.0048129354477705315
2020-12-23,-0.00020215533413535445
2020-12-24,0.0033223788451610795
2020-12-28,0.004004449266178946
2020-12-29,-0.005195300074052125
2020-12-30,0.007236605910236671
2020-12-31,0.0055067274781000165
2021-01-04,-0.013505550335285466
2021-01-05,0.008595406240313332
2021-01-06,0.0009709505851949224
2021-01-07,0.017314737086994086
2021-01-08,0.008333890019848366
2021-01-11,0.0023502266753284307
2021-01-12,0.005550781863458028
2021-01-13,0.0006221944615840825
2021-01-14,-0.003955539382534745
2021-01-15,-0.006231255318744112
2021-01-19,0.0039520799204908336
2021-01-20,0.010036959280923418
2021-01-21,0.003608755523846714
2021-01-22,-0.0002651528430555805
2021-01-25,0.0015982972268904435
2021-01-26,-0.0073214960246955
2021-01-27,-0.026054632037387584
2021-01-28,0.013178572204475929
2021-01-29,-0.020095505163795487
2021-02-01,0.016375124744978486
2021-02-02,0.015567175020110938
2021-02-03,-0.0021110073467885955
2021-02-04,0.015007077958557614
2021-02-05,0.0010315869275573954
2021-02-08,0.014421437552066138
2021-02-09,0.004965922789717295
2021-02-10,0.007578587728813302
2021-02-11,0.0068706854077845315
2021-02-12,-0.00013732244841998295
2021-02-16,-0.005006539971782451
2021-02-17,-0.003261860415176682
2021-02-18,-0.002504107275682816
2021-02-19,0.009434211194540135
2021-02-22,-0.012285242930029869
2021-02-23,-0.0003191583920462418
2021-02-24,0.005000194158641747
2021-02-25,-0.03055150110315956
2021-02-26,0.0014345690179063105
2021-03-01,0.026729659637432193
2021-03-02,-0.012143915914347748
2021-03-03,-0.008472833320299982
2021-03-04,-0.025812489935756452
2021-03-05,0.02211448212796942
2021-03-08,-0.005946063436531385
2021-03-09,0.01717854676541146
2021-03-10,0.0056811306102040144
2021-03-11,0.013446137529612203
2021-03-12,0.0027576675391737114
2021-03-15,0.012222529490908718
2021-03-16,-0.002972611773119982
2021-03-17,-0.007488009626536094
2021-03-18,-0.015713096800036262
2021-03-19,0.0021069533112745603
2021-03-22,0.0061873576020885284
2021-03-23,-0.009744712424262435
2021-03-24,-0.006347897388591827
2021-03-25,0.012128371025194387
2021-03-26,0.02368085019202418
2021-03-29,-0.005008821489441916
2021-03-30,-0.003307963639729205
2021-03-31,0.007015462946814011
2021-04-01,0.012490147434454306
2021-04-05,0.011703251644920983
2021-04-06,0.0008292999235484099
2021-04-07,-0.0023023078786257355
2021-04-08,0.007153751974139731
2021-04-09,0.006549043987963681
2021-04-12,0.0008501894249528567
2021-04-13,0.0037462533834107426
2021-04-14,-0.005036980688826311
2021-04-15,0.013637481499293181
2021-04-16,0.001628216609604278
2021-04-19,-0.00820481279494341
2021-04-20,-0.0074288469541851886
2021-04-21,0.011668112914925276
2021-04-22,-0.005038540695279412
2021-04-23,0.0059986868988439615
2021-04-26,0.0016744011374676938
2021-04-27,-0.003339623752645884
2021-04-28,-0.0018259238045882941
2021-04-29,0.0017371725523294306
2021-04-30,-0.007382722057643961
2021-05-03,0.002550664159909313
2021-05-04,-0.0040487754540003565
2021-05-05,-0.00405221578834659
2021-05-06,-0.0007107079416865509
2021-05-07,0.014858214747529642
2021-05-10,-0.01031098821520218
2021-05-11,-0.010938009975859985
2021-05-12,-0.02884024554687126
2021-05-13,0.01187158083176012
2021-05-14,0.023714589914266525
2021-05-17,-0.002009158284353715
2021-05-18,-0.004632732634328644
2021-05-19,0.0036019625998788525
2021-05-20,0.013605608889481776
2021-05-21,-0.002627188889266248
2021-05-24,0.009871007717010452
2021-05-25,-0.001009638325818609
2021-05-26,0.0014117805531314164
2021-05-27,-0.00018633855957753928
2021-05-28,0.005142320724598482
2021-06-01,-0.003253420146453396
2021-06-02,0.004055905254503479
2021-06-03,-0.002397421363773105
2021-06-04,0.01174330814271712
2021-06-07,0.005340686636317003
2021-06-08,0.0035934981493718167
2021-06-09,-0.0007853245611123328
2021-06-10,0.00794268748834873
2021-06-11,0.00404298538228332
2021-06-14,0.0021315126107707585
2021-06-15,-0.0037296747845187057
2021-06-16,-0.006130073320090065
2021-06-17,0.008448395732454081
2021-06-18,-0.014605884817087987
2021-06-21,0.012250525180496815
2021-06-22,0.002870158753566057
2021-06-23,-0.0010724849322513252
2021-06-24,0.008962253685287379
2021-06-25,0.007179360509259598
2021-06-28,0.002645687773434027
2021-06-29,0.003159021796670362
2021-06-30,-0.004242519048675901
2021-07-01,0.0037748985255185367
2021-07-02,0.009191423200666685
2021-07-06,-0.0034370037971570796
2021-07-07,0.0003399561417570012
2021-07-08,-0.009790995316719779
2021-07-09,0.012689901389394506
2021-07-12,-0.0003009962413387292
2021-07-13,-0.005784838693485224
2021-07-14,-0.005898050591215109
2021-07-15,-0.005466338579640397
2021-07-16,-0.005966567031977622
2021-07-19,-0.011364043655021803
2021-07-20,0.017496781311360364
2021-07-21,0.009600002087629948
2021-07-22,0.0018325896615836166
2021-07-23,0.011092241067438838
2021-07-26,-0.0006687648819882065
2021-07-27,-0.00345533613614263
2021-07-28,0.003815525411748504
2021-07-29,0.006681271164827649
2021-07-30,-0.0048968814469080475
2021-08-02,0.0021829805357851083
2021-08-03,0.010801065374904802
2021-08-04,-0.0005033241146803036
2021-08-05,0.0030530436285592898
2021-08-06,-0.0043827167255479395
2021-08-09,-0.0028135354146301326
2021-08-10,0.00012518277284731235
2021-08-11,0.0009378753504472748
2021-08-12,0.0015235630016423765
2021-08-13,0.0021146052608545943
2021-08-16,-0.002070379450543763
2021-08-17,-0.001974249024051327
2021-08-18,-0.011231140742705235
2021-08-19,0.007030122237117961
2021-08-20,0.00892656179941321
2021-08-23,0.009501571986548397
2021-08-24,0.00030119916420926293
2021-08-25,0.008811009700775939
2021-08-26,-0.004403831179699717
2021-08-27,0.00956151287226224
2021-08-30,0.002104409709243908
2021-08-31,-0.00320945386109631
2021-09-01,0.004665103814369291
2021-09-02,0.007118586960025355
2021-09-03,0.0002567150850031298
2021-09-07,-0.006934952769798444
2021-09-08,-0.0037749354903945467
2021-09-09,-0.0009228815771542469
2021-09-10,-0.0018999991436272445
2021-09-13,-0.0019820097555966723
2021-09-14,-0.0031639440747036223
2021-09-15,0.00394268787005137
2021-09-16,-0.0028294626094771225
2021-09-17,-0.008322552974229097
2021-09-20,-0.010226961332412991
2021-09-21,0.007997656500405716
2021-09-22,0.012908988264735686
2021-09-23,0.01766261287857707
2021-09-24,0.0024284462863566293
2021-09-27,-0.009941117760293414
2021-09-28,-0.0221348747299938
2021-09-29,0.002085009604172776
2021-09-30,-0.012330688197167369
2021-10-01,0.012035938393047348
2021-10-04,-0.015733705819182625
2021-10-05,0.008532773312045848
2021-10-06,0.0043535147008675465
2021-10-07,0.017240866215774774
2021-10-08,-0.0032365687529652166
2021-10-11,-0.004613070478231199
2021-10-12,-0.00035063129362229424
2021-10-13,0.005209870724362906
2021-10-14,0.015855648804942966
2021-10-15,0.005177687348374898
2021-10-18,0.0009958880858793372
2021-10-19,0.005008179886726029
2021-10-20,-0.0001345907291721726
2021-10-21,0.006058609627525295
2021-10-22,0.0019989847640686036
2021-10-25,-0.00022394947262891938
2021-10-26,0.001672433287580727
2021-10-27,-0.010868242847126624
2021-10-28,0.013440731805748098
2021-10-29,0.0022470822158964193
2021-11-01,0.0023376912243413847
2021-11-02,0.002626806155840478
2021-11-03,0.008528590760650321
2021-11-04,0.009486041069503539
2021-11-05,0.013269251503263923
2021-11-08,-0.00012060091941374935
2021-11-09,0.002034881017048953
2021-11-10,-0.013236918756369759
2021-11-11,0.009404302198556197
2021-11-12,0.006428555435760104
2021-11-15,-0.00511438384624752
2021-11-16,0.012812843123155778
2021-11-17,-0.004571807647524402
2021-11-18,0.0023375155432805617
2021-11-19,-0.00014887595154934542
2021-11-22,-0.012980390653337125
2021-11-23,0.002238162413032523
2021-11-24,0.006212367958214511
2021-11-26,-0.027974070007824394
2021-11-29,0.017326293366831724
2021-11-30,-0.023880815763767202
2021-12-01,-0.01866989738983213
2021-12-02,0.020023942388163452
2021-12-03,-0.008875953486350174
2021-12-06,0.010890193497603695
2021-12-07,0.023769740252712817
2021-12-08,0.005224892871614371
2021-12-09,-0.013356391721834386
2021-12-10,0.00689288600189545
2021-12-13,-0.00884770914337639
2021-12-14,-0.006697986212838925
2021-12-15,0.021480044584269217
2021-12-16,-0.010616838322249187
2021-12-17,-0.0025808546341146814
2021-12-20,-0.007967291288825359
2021-12-21,0.02816607687598048
2021-12-22,0.0128400858179737
2021-12-23,0.0073087072437293486
2021-12-27,0.020727044785292005
2021-12-28,-0.0035499357844656966
2021-12-29,0.003651947799391229
2021-12-30,-0.0024932951182733065
2021-12-31,0.0013365771888589027
2022-01-03,-0.004576621790476247
2022-01-04,-0.0046141488973029075
2022-01-05,-0.026765229107845324
2022-01-06,-0.001991723229783134
2022-01-07,-0.011654689222825998
2022-01-10,0.0033228742254684243
2022-01-11,0.008340867211178432
2022-01-12,-0.000735816649685548
2022-01-13,-0.014530331973524359
2022-01-14,-0.005537915746624549
2022-01-18,-0.02356909485481626
2022-01-19,-0.012617205731563398
2022-01-20,-0.011061896120027477
2022-01-21,-0.015113864309421372
2022-01-24,0.009585177882159103
2022-01-25,-0.026425563733082174
2022-01-26,-0.004959863363617648
2022-01-27,-0.009673343162161627
2022-01-28,0.029317525074887975
2022-01-31,0.025742321548722854
2022-02-01,0.007093440720561448
2022-02-02,0.008445923273485484
2022-02-03,-0.021497364365984786
2022-02-04,0.005707051187562713
2022-02-07,0.0010109389500206633
2022-02-08,0.009746121210438293
2022-02-09,0.018393032166276573
2022-02-10,-0.021558343477456388
2022-02-11,-0.01394197111266849
2022-02-14,-0.0016359506937048394
2022-02-15,0.03389334023850002
2022-02-16,-0.0033285308213913383
2022-02-17,-0.023830621422684547
2022-02-18,-0.006386295382603553
2022-02-22,-0.021726940244665024
2022-02-23,-0.021949093307000178
2022-02-24,0.022804778019500472
2022-02-25,0.016452704186628676
2022-02-28,-0.0020824178096008296
2022-03-01,-0.016424632368142348
2022-03-02,0.01855530186699357
2022-03-03,-0.010727565038407813
2022-03-04,-0.01729372091524615
2022-03-07,-0.04173312376065318
2022-03-08,-0.00112423426476294
2022-03-09,0.033084030685150694
2022-03-10,-0.010076938803654529
2022-03-11,-0.011036932550229037
2022-03-14,-0.007091073231407869
2022-03-15,0.027921095629941075
2022-03-16,0.02754667548320547
2022-03-17,0.011041409924280834
2022-03-18,0.018963181328891347
2022-03-21,-0.007437032986329633
2022-03-22,0.010509328438229248
2022-03-23,-0.01840913596663837
2022-03-24,0.019615488436847007
2022-03-25,-0.002378609665435816
2022-03-28,0.009884575131275719
2022-03-29,0.022413513839604784
2022-03-30,-0.01105485779643116
2022-03-31,-0.01200291547630285
2022-04-01,0.0009466632209364258
2022-04-04,0.010702544703654891
2022-04-05,-0.017629657583975774
2022-04-06,-0.011074429140139124
2022-04-07,0.0032206910251136333
2022-04-08,-0.004527494693618275
2022-04-11,-0.019770700248957263
2022-04-12,-0.002721525651047241
2022-04-13,0.01849537904863214
2022-04-14,-0.01277530862616612
2022-04-18,-0.0041018872808777605
2022-04-19,0.021398217622468543
2022-04-20,0.005432330772957985
2022-04-21,-0.01904226101133691
2022-04-22,-0.026006260373040026
2022-04-25,0.015598060254231952
2022-04-26,-0.03252946296858324
2022-04-27,-0.0028967285622034703
2022-04-28,0.02775961690867546
2022-04-29,-0.04010808450594517
2022-05-02,0.005769528912285002
2022-05-03,-9.927403852698797e-05
2022-05-04,0.016655852888930636
2022-05-05,-0.040483303188703475
2022-05-06,-0.010966755287456886
2022-05-09,-0.03780607771285844
2022-05-10,0.009290747749396462
2022-05-11,-0.021459571985695484
2022-05-12,0.016188707409567734
2022-05-13,0.03543435424023276
2022-05-16,-0.011215818999550134
2022-05-17,0.021863366582700872
2022-05-18,-0.043544829818916664
2022-05-19,0.006085821099650444
2022-05-20,0.001655144172683687
2022-05-23,0.00696879367563212
2022-05-24,-0.020271641895703244
2022-05-25,0.017903891013211683
2022-05-26,0.026943644792647218
2022-05-27,0.028487059670930445
2022-05-31,-0.012130302236206016
2022-06-01,-0.01416115434788336
2022-06-02,0.028103640689521706
2022-06-03,-0.016858956975823645
2022-06-06,0.006376138877939638
2022-06-07,0.010368672956104212
2022-06-08,-0.012032123998766622
2022-06-09,-0.02502533002562811
2022-06-10,-0.03331589831971184
2022-06-13,-0.04389948458741356
2022-06-14,-0.0077733911981607
2022-06-15,0.01536477662097513
2022-06-16,-0.040523746541523666
2022-06-17,0.015453845456366336
2022-06-21,0.019619581034151144
2022-06-22,0.00044550436828782135
2022-06-23,0.018287340383672447
2022-06-24,0.036586905474584805
2022-06-27,-0.003164051871767337
2022-06-28,-0.028582209859976948
2022-06-29,-0.0006164262386376286
2022-06-30,-0.007690951707136491
2022-07-01,0.004754240151664977
2022-07-05,0.008055991846270491
2022-07-06,0.00033413073779115605
2022-07-07,0.020504688581202846
2022-07-08,-0.0030206049809337896
2022-07-11,-0.011618167845410487
2022-07-12,-0.00706425114487426
2022-07-13,-0.002856627316523812
2022-07-14,-0.006149999489794858
2022-07-15,0.02116782221948959
2022-07-18,-0.0035853885410328575
2022-07-19,0.029043011454495213
2022-07-20,0.015063958968441203
2022-07-21,0.01232871411844161
2022-07-22,-0.01070781130955003
2022-07-25,-0.0036214326951825087
2022-07-26,-0.012858048876088778
2022-07-27,0.023670497673573494
2022-07-28,0.016317468261780252
2022-07-29,0.007313578927088544
2022-08-01,0.002789989091399012
2022-08-02,0.008631409498779417
2022-08-03,0.01765447220735991
2022-08-04,-0.0022477542125205474
2022-08-05,0.0040510948614528265
2022-08-08,0.0034654521058819867
2022-08-09,-0.019882612754012853
2022-08-10,0.02949108408501809
2022-08-11,-0.008494594840815469
2022-08-12,0.021783504051757975
2022-08-15,0.001845397915577438
2022-08-16,0.0023280472322032737
2022-08-17,-0.013468402347340596
2022-08-18,0.003595766619607992
2022-08-19,-0.017477190827117434
2022-08-22,-0.025225020072384294
2022-08-23,-0.00408236072279362
2022-08-24,0.004146634495604955
2022-08-25,0.018969988486846473
2022-08-26,-0.03885892188264892
2022-08-29,-0.009789970887463114
2022-08-30,-0.007726586859352356
2022-08-31,-0.006881470850486698
2022-09-01,0.0006402250137793786
2022-09-02,-0.010134827688610976
2022-09-06,-0.0013436943200544472
2022-09-07,0.021557710839741555
2022-09-08,0.010310502062797702
2022-09-09,0.018268009365128894
2022-09-12,0.011108145869980554
2022-09-13,-0.04426744006470345
2022-09-14,0.0011324706376989102
2022-09-15,-0.01115814426171283
2022-09-16,-0.009249377557380417
2022-09-19,0.0033578770932406196
2022-09-20,-0.012467605923287129
2022-09-21,-0.016569267051844055
2022-09-22,-0.023904297077820973
2022-09-23,-0.008650856436915925
2022-09-26,-0.012955351902509222
2022-09-27,0.0021572132613414266
2022-09-28,0.024453476899150707
2022-09-29,-0.02354028358007948
2022-09-30,-0.012078453077847835
2022-10-03,0.025266730046249606
2022-10-04,0.038705219612161404
2022-10-05,0.0018256975645507545
2022-10-06,-0.00919852402680176
2022-10-07,-0.030640844598862613
2022-10-10,-0.012857755221778042
2022-10-11,-0.012460900675957114
2022-10-12,-0.0029070693013344908
2022-10-13,0.01563776801361057
2022-10-14,-0.023697689222771875
2022-10-17,0.0279473307381808
2022-10-18,0.015246027801843733
2022-10-19,-0.012583074239093163
2022-10-20,-0.005757196431428047
2022-10-21,0.028115608313919883
2022-10-24,0.013243559896998375
2022-10-25,0.02594305920826587
2022-10-26,-0.0033890551186521595
2022-10-27,-0.0005034625750035727
2022-10-28,0.0265083802708647
2022-10-31,-0.008905223164030942
2022-11-01,0.01245990338326258
2022-11-02,-0.03145475722327303
2022-11-03,-0.011909173734380087
2022-11-04,0.014222245911359167
2022-11-07,0.009310203181460044
2022-11-08,0.00679240121150872
2022-11-09,-0.022081482347415023
2022-11-10,0.07103910520363224
2022-11-11,0.010650040700151586
2022-11-14,-0.012334729972947826
2022-11-15,0.013397774170016863
2022-11-16,-0.015514847375523312
2022-11-17,-0.006382379628691241
2022-11-18,0.006883123800669502
2022-11-21,-0.00687124780752824
2022-11-22,0.014928827187398625
2022-11-23,0.006856138119730822
2022-11-25,-0.00012442544671547025
2022-11-28,-0.018848644132170606
2022-11-29,-0.0014472087024281779
2022-11-30,0.031648021385601
2022-12-01,0.005193219240751583
2022-12-02,-0.004184132170875579
2022-12-05,-0.02118509634452412
2022-12-06,-0.02584323936703935
2022-12-07,-0.002904578830217952
2022-12-08,0.010239000439059249
2022-12-09,-0.007853867868210651
2022-12-12,0.01705529463635526
2022-12-13,0.006403034728631693
2022-12-14,-0.006526385219906646
2022-12-15,-0.03295767869166877
2022-12-16,-0.008672292515165188
2022-12-19,-0.011420891279306884
2022-12-20,0.002463167217611462
2022-12-21,0.015598241388700284
2022-12-22,-0.01803678956698235
2022-12-23,0.004096803558104676
2022-12-27,-0.007212101620431808
2022-12-28,-0.01189167883220222
2022-12-29,0.023799108692042437
2022-12-30,-0.004784467083728395
2023-01-03,-0.0014339614490879878
2023-01-04,0.012744154173333744
2023-01-05,-0.016475190119811536
2023-01-06,0.028170067817356675
2023-01-09,0.006978103261006036
2023-01-10,0.0072760651795709085
2023-01-11,0.013188619585572907
2023-01-12,0.004798891827688925
2023-01-13,0.005493487412359035
2023-01-17,0.0012760701494524346
2023-01-18,-0.014488324111877829
2023-01-19,-0.01413330184776037
2023-01-20,0.025075827589540606
2023-01-23,0.02056187948148782
2023-01-24,-0.0009292154950742847
2023-01-25,0.0010421272400452787
2023-01-26,0.003361036731731027
2023-01-27,-0.002101745870634333
2023-01-30,-0.012202900766860586
2023-01-31,0.018995158094255657
2023-02-01,0.017361658835348355
2023-02-02,0.017809930541988803
2023-02-03,-0.013985718959296402
2023-02-06,-0.008599442251589044
2023-02-07,0.013369825108799372
2023-02-08,-0.0018545855617096987
2023-02-09,0.008125305025871917
2023-02-10,-0.005702919625675967
2023-02-13,0.013913881430197651
2023-02-14,0.0033084799558621867
2023-02-15,0.007703957479178981
2023-02-16,-0.01580955526017735
2023-02-17,-0.006693501309905883
2023-02-21,-0.02221989855457529
2023-02-22,0.001969019592154653
2023-02-23,0.005877359645884739
2023-02-24,-0.013679035110190202
2023-02-27,-0.0010881709789594257
2023-02-28,-0.002299244704091792
2023-03-01,-0.004100404421077761
2023-03-02,0.009933843862411104
2023-03-03,0.016363221171167296
2023-03-06,-0.0002544968525081259
2023-03-07,-0.014624546924828974
2023-03-08,0.007137876455405739
2023-03-09,-0.01969603158037557
2023-03-10,-0.02287222497553515
2023-03-13,-0.0003006416560399305
2023-03-14,0.01641694289888887
2023-03-15,-0.00679477982997335
2023-03-16,0.01594535286619887
2023-03-17,-0.00931302379155224
2023-03-20,0.016584259994613812
2023-03-21,0.009874592816141281
2023-03-22,-0.01877232884947203
2023-03-23,0.002990787006131992
2023-03-24,0.0021884517957288007
2023-03-27,0.0022628415327124477
2023-03-28,0.0012855491508150458
2023-03-29,0.016585753339145328
2023-03-30,0.009281659023722586
2023-03-31,0.015856321906480033
2023-04-03,-9.924492186358152e-05
2023-04-04,-0.008922559955943626
2023-04-05,-0.006186888030102611
2023-04-06,-0.000137309365303069
2023-04-10,0.005695101676639834
2023-04-11,0.003839133926836511
2023-04-12,-0.0058302120230394345
2023-04-13,0.011533587342823863
2023-04-14,-0.002831436169980637
2023-04-17,0.006171184833764464
2023-04-18,0.0025687660042864827
2023-04-19,-0.004230682849324099
2023-04-20,-0.0004550542164713223
2023-04-21,0.002175762216884709
2023-04-24,0.0005888155119030893
2023-04-25,-0.01899729772460082
2023-04-26,-0.004273311643292024
2023-04-27,0.024255974310520286
2023-04-28,0.010034685102005265
2023-05-01,0.0072526849933559085
2023-05-02,-0.009306968779240367
2023-05-03,0.001489497329619232
2023-05-04,-0.00781338556536022
2023-05-05,0.011711154742379267
2023-05-08,0.0033711928260723363
2023-05-09,-0.006379039058291452
2023-05-10,0.0077105604752136965
2023-05-11,0.007364136309096309
2023-05-12,0.0029707681563477585
2023-05-15,0.01059405880145332
2023-05-16,-0.003320984760170953
2023-05-17,0.01349292741883473
2023-05-18,0.012365340532518934
2023-05-19,-0.0029266675710687994
2023-05-22,-0.003093719823013088
2023-05-23,-0.017921760819693437
2023-05-24,-0.005954161292585538
2023-05-25,0.02055191984306069
2023-05-26,0.013321727248589058
2023-05-30,-0.0023311306341354723
2023-05-31,-0.0071958154168926
2023-06-01,0.013526380861956136
2023-06-02,0.01381543275044412
2023-06-05,6.2407430034692305e-06
2023-06-06,-0.0016793578492582163
2023-06-07,-0.004919483779019074
2023-06-08,0.007460416859417474
2023-06-09,0.0010806612591125562
2023-06-12,0.011112959100805434
2023-06-13,0.006540491052909277
2023-06-14,0.00219641922125144
2023-06-15,0.010087759222288053
2023-06-16,0.00021648314996841305
2023-06-20,-0.00588738376172647
2023-06-21,-0.0012372484633020474
2023-06-22,0.0065482063755788016
2023-06-23,-0.007724739133930076
2023-06-26,0.003006287988337575
2023-06-27,0.018735940412350424
2023-06-28,-0.0015106959663980122
2023-06-29,0.005574681312968371
2023-06-30,0.012309940346832979
2023-07-03,-0.00040637660551369015
2023-07-05,-0.0019130003684974905
2023-07-06,-0.0063243274401998525
2023-07-07,-0.00041810879631728673
2023-07-10,0.014213350382185047
2023-07-11,0.005939424073267982
2023-07-12,0.004223791604591459
2023-07-13,0.007639068028812308
2023-07-14,-0.0021802973014274185
2023-07-17,0.010050403385903562
2023-07-18,0.0027784025413729015
2023-07-19,-0.0010763239080679287
2023-07-20,-0.006502941521025134
2023-07-21,0.001759383755642929
2023-07-24,-0.00014665189326778616
2023-07-25,0.00547482842226254
2023-07-26,-0.0021657341724449753
2023-07-27,-0.002081431654040342
2023-07-28,0.01003206176534519
2023-07-31,0.0068878822028915505
2023-08-01,-0.005883173706730673
2023-08-02,-0.011631339796959766
2023-08-03,-0.010679445004085492
2023-08-04,-0.019192406466516612
2023-08-07,0.009120157704040932
2023-08-08,0.0003857630987629119
2023-08-09,-0.0015756554457223482
2023-08-10,0.008727379611697048
2023-08-11,-0.0034018183514640385
2023-08-14,0.009127092063228051
2023-08-15,-0.0077585386112586675
2023-08-16,-0.007381861475689773
2023-08-17,-0.012083060177552672
2023-08-18,0.002978553838482414
2023-08-21,0.007957984340705842
2023-08-22,-0.000663535384974496
2023-08-23,0.01293913660472472
2023-08-24,-0.013532256892547402
2023-08-25,0.00543161083696083
2023-08-28,0.007515317184827475
2023-08-29,0.013388086826930934
2023-08-30,0.006508319325592344
2023-08-31,0.0004400917409574979
2023-09-01,0.004213369281111464
2023-09-05,-0.005030213783692603
2023-09-06,-0.0023667485253021253
2023-09-07,-0.00040090117957979147
2023-09-08,0.0035045126170272266
2023-09-11,0.0011534902788475465
2023-09-12,-0.007209619491294359
2023-09-13,-0.0044058948195751626
2023-09-14,0.008489199856085672
2023-09-15,-0.012592342098338405
2023-09-18,-7.684436084511857e-05
2023-09-19,-0.005148593362431111
2023-09-20,-0.005539662200544209
2023-09-21,-0.01838449167073873
2023-09-22,0.0013277056476121401
2023-09-25,0.003971199523370439
2023-09-26,-0.014611959079234859
2023-09-27,0.002575537521215257
2023-09-28,0.007693733045287159
2023-09-29,-0.002558212491837626
2023-10-02,-0.0031992957414829167
2023-10-03,-0.013150740309750764
2023-10-04,0.011218678499310717
2023-10-05,7.611041213672915e-07
2023-10-06,0.012688223528237043
2023-10-09,0.0046590860879232214
2023-10-10,0.008746786128778359
2023-10-11,0.009187902028716968
2023-10-12,-0.005868377180130922
2023-10-13,-0.011201845624556115
2023-10-16,0.010291644070408057
2023-10-17,-0.0007950348425957809
2023-10-18,-0.014421947288634777
2023-10-19,-0.011290820323531223
2023-10-20,-0.009127025487143966
2023-10-23,-0.003409217649768137
2023-10-24,0.009261977955490028
2023-10-25,-0.017250346621822715
2023-10-26,-0.008317599163650075
2023-10-27,-0.00622963755864013
2023-10-30,0.011634654581356473
2023-10-31,0.01226928002234895
2023-11-01,0.007689245793050797
2023-11-02,0.023166411670291223
2023-11-03,0.027060182740474083
2023-11-06,0.004733009094232252
2023-11-07,0.0071973247872956
2023-11-08,0.004357379968118943
2023-11-09,-0.008930327389202488
2023-11-10,0.023221357188359795
2023-11-13,-0.000661171646560068
2023-11-14,0.022789780283346692
2023-11-15,0.0008701919056199123
2023-11-16,-9.744911572739056e-05
2023-11-17,0.003817941672468756
2023-11-20,0.007091775465543902
2023-11-21,-0.0014383407563560175
2023-11-22,0.005174471538987228
2023-11-24,0.0015744717540106866
2023-11-27,0.0014949841041707354
2023-11-28,-0.004437780198924877
2023-11-29,0.007521128016907701
2023-11-30,0.004675746364033486
2023-12-01,0.011291011918661113
2023-12-04,0.0009796911191106523
2023-12-05,-0.0020209671442829613
2023-12-06,-0.0015672372728830202
2023-12-07,0.007465706964892945
2023-12-08,0.0060231250829812216
2023-12-11,0.008796028688782891
2023-12-12,0.005384523266035157
2023-12-13,0.01205297429244561
2023-12-14,0.0005162491469640475
2023-12-15,-0.0022056676780371418
2023-12-18,0.0038056207707232214
2023-12-19,0.007772721952620243
2023-12-20,-0.014049972652523671
2023-12-21,0.01027372550698531
2023-12-22,-0.00036321418692996776
2023-12-26,0.0037263477413569477
2023-12-27,0.0020381012342153594
2023-12-28,0.0007383394353736338
2023-12-29,-0.002984069364354336
2024-01-02,-0.013163449168903187
2024-01-03,-0.00802162767096405
2024-01-04,-0.0005110507501697016
2024-01-05,0.00015562619132228204
2024-01-08,0.016954495019735595
2024-01-09,0.00330358154650761
2024-01-10,0.008013896127199141
2024-01-11,0.003653133909772626
2024-01-12,-0.0005610120060523148
2024-01-16,-0.0012966673140070608
2024-01-17,-0.004165902625901241
2024-01-18,0.014102815900451598
2024-01-19,0.007869294452201006
2024-01-22,0.006927740101291865
2024-01-23,0.003442482537208793
2024-01-24,-0.005065004927990202
2024-01-25,0.006326243452639422
2024-01-26,-0.001823338682027105
2024-01-29,0.008034175447652237
2024-01-30,-0.0006532671392247957
2024-01-31,-0.012461968974215028
2024-02-01,0.015443577394377853
2024-02-02,0.007458565289727125
2024-02-05,0.006650946668045883
2024-02-06,0.0027374912617115755
2024-02-07,0.00912038074510789
2024-02-08,0.006499694362386332
2024-02-09,0.0014794979076021124
2024-02-12,-0.005484207588090811
2024-02-13,-0.00994877460839544
2024-02-14,0.014726783904653925
2024-02-15,0.015384474479078722
2024-02-16,-0.005347071469506538
2024-02-20,-0.008548564006265314
2024-02-21,-0.003536128574990185
2024-02-22,0.026135250162717807
2024-02-23,0.0012862215798089991
2024-02-26,0.00221450708089769
2024-02-27,0.0033079894631954064
2024-02-28,-0.002084871911337811
2024-02-29,0.0044866907261420855
2024-03-01,0.020161150718967638
2024-03-04,-0.0015718727241557982
2024-03-05,-0.010301804357144452
2024-03-06,0.009240901086028224
2024-03-07,0.009358313777902885
2024-03-08,-0.007831632215842467
2024-03-11,-0.006920977988949302
2024-03-12,0.012093503473217854
2024-03-13,-0.0012582350107885221
2024-03-14,-0.005679782953879058
2024-03-15,-0.002106451259077202
2024-03-18,0.005373295362428699
2024-03-19,0.008072113144157357
2024-03-20,0.008200225211097955
2024-03-21,0.006002548748118812
2024-03-22,-0.002075911052373938
2024-03-25,-0.0038952878171501083
2024-03-26,-0.005744644420004553
2024-03-27,0.007995419459469941
2024-03-28,0.00033268979071814797
2024-04-01,-0.006262367657937906
2024-04-02,-0.006706556058354555
2024-04-03,0.005907839191531749
2024-04-04,-0.01455977594770604
2024-04-05,0.0132108382509197
2024-04-08,0.0014406334527311015
2024-04-09,-0.0024464939432913236
2024-04-10,-0.011099154231206007
2024-04-11,0.008671237151200092
2024-04-12,-0.01516239956222331
2024-04-15,-0.011374635926737745
2024-04-16,0.0023303725741905717
2024-04-17,-0.010020035539461554
2024-04-18,-0.007274753304011013
2024-04-19,-0.011394041407937624
2024-04-22,0.008632390887026586
2024-04-23,0.017661953545522278
2024-04-24,0.00034183766737235963
2024-04-25,0.0025749119037405473
2024-04-26,0.010182766117348033
2024-04-29,0.0030617295187776116
2024-04-30,-0.016398690291129517
2024-05-01,-0.007360737964897894
2024-05-02,0.01324247707489476
2024-05-03,0.003060734667298674
2024-05-06,0.014444497805258819
2024-05-07,0.0004565682640395516
2024-05-08,-0.0023250587958115122
2024-05-09,0.01251608592422865
2024-05-10,0.004889042563425008
2024-05-13,-0.003656603566302339
2024-05-14,0.0037611199590631243
2024-05-15,0.015181765616422975
2024-05-16,-0.004546730519231579
2024-05-17,-0.00040754464592334105
2024-05-20,0.004343180670364184
2024-05-21,-0.001394428216340038
2024-05-22,-0.0028818398945530932
2024-05-23,-0.006300893606267826
2024-05-24,0.009331128672818387
2024-05-28,-0.0035533812844681994
2024-05-29,-0.0041620305555736484
2024-05-30,-0.0017950749915239506
2024-05-31,0.009718724861174704
2024-06-03,0.0004192772728020876
2024-06-04,0.0016631947438610294
2024-06-05,0.015209644339193754
2024-06-06,0.0008336426207532673
2024-06-07,0.0009399312291825134
2024-06-10,0.0072089960055548245
2024-06-11,0.0018388288192505088
2024-06-12,0.010924204178179438
2024-06-13,0.0020245684814006815
2024-06-14,-0.0025831068203312534
2024-06-17,0.009987186090463358
2024-06-18,0.007520340778619934
2024-06-20,-0.008398516078361
2024-06-21,4.814650570219111e-05
2024-06-24,-0.0008853120886923846
2024-06-25,0.005971172115323631
2024-06-26,-0.00574123175593971
2024-06-27,0.0002261477244152666
2024-06-28,-0.0004028542288566191
2024-07-01,-0.006412168723065634
2024-07-02,0.005059109121719341
2024-07-03,0.007030769280895534
2024-07-05,0.0008174917586569831
2024-07-08,0.003417635910103023
2024-07-09,0.00230457166167104
2024-07-10,0.005078099739444281
2024-07-11,-0.002636360932646569
2024-07-12,0.010379282550815933
2024-07-15,0.001151108603024191
2024-07-16,0.012248432992062724
2024-07-17,-0.023042106360285714
2024-07-18,-0.007498658355183282
2024-07-19,-0.0036863777680744255
2024-07-22,0.015074409031960764
2024-07-23,-0.00554234202842013
2024-07-24,-0.02625912085331213
2024-07-25,-0.003393145768711805
2024-07-26,0.012033807913683404
2024-07-29,0.0017424540129396917
2024-07-30,-0.0037687597689620043
2024-07-31,0.018669970851593613
2024-08-01,-0.019145593630020274
2024-08-02,-0.01219915981138251
2024-08-05,-0.025237918694864563
2024-08-06,0.022217875154931725
2024-08-07,0.0007119834466368705
2024-08-08,0.035877800489825036
2024-08-09,0.009511896606245487
2024-08-12,-0.0034629194403190283
2024-08-13,0.020263773409204454
2024-08-14,0.008590038991795144
2024-08-15,0.0145592813299615
2024-08-16,0.00037620076106604556
2024-08-19,0.007499197611101676
2024-08-20,-0.0006110001249478981
2024-08-21,0.008917212135108264
2024-08-22,-0.008566823235519733
2024-08-23,0.010641553149501146
2024-08-26,-0.00390363981765907
2024-08-27,0.005697847754685674
2024-08-28,-0.0061671024834526605
2024-08-29,-0.0009594934387051467
2024-08-30,0.009850328482455288
2024-09-03,-0.024571222558882534
2024-09-04,-0.002219103354525558
2024-09-05,-0.007786603652924509
2024-09-06,-0.01332351953206752
2024-09-09,0.01058066219474028
2024-09-10,0.0029145226584033203
2024-09-11,0.013408262742291151
2024-09-12,0.0060714329645446255
2024-09-13,0.012135888095680357
2024-09-16,0.0008711265273449166
2024-09-17,0.0013974712778133998
2024-09-18,-0.005413895342979389
2024-09-19,0.015406525404652888
2024-09-20,0.002134964247886604
2024-09-23,0.004009406355648628
2024-09-24,0.007016855569292786
2024-09-25,-0.0006961975485393122
2024-09-26,0.005232727634623862
2024-09-27,-0.004974758782427107
2024-09-30,0.00340975717799044
2024-10-01,-0.009472775048124679
2024-10-02,0.003285996806099316
2024-10-03,-0.00033730966370515436
2024-10-04,0.006395869565763235
2024-10-07,-0.0033975940738315874
2024-10-08,0.012824237747211167
2024-10-09,0.006825284342333275
2024-10-10,-0.005780300886531861
2024-10-11,0.012359776095034943
2024-10-14,0.006069697180972308
2024-10-15,-0.009969851685003969
2024-10-16,0.0023560679039419208
2024-10-17,-0.0033319792018804734
2024-10-18,0.0028791519955424015
2024-10-21,0.0014792936322001234
2024-10-22,-0.006960195740070607
2024-10-23,-0.00463768895794241
2024-10-24,0.000991503210176323
2024-10-25,-0.005992661455509883
2024-10-28,0.0031819605133317766
2024-10-29,0.00342233618101206
2024-10-30,-0.0026666414315645068
2024-10-31,-0.024267893074048075
2024-11-01,0.0013816908748153177
2024-11-04,0.0015340997047300809
2024-11-05,0.01179330961221694
2024-11-06,0.011979235370104788
2024-11-07,0.030060486123131544
2024-11-08,0.021106849813196285
2024-11-11,-0.004875239112012935
2024-11-12,-0.0037008388750093516
2024-11-13,-0.005264047488009208
2024-11-14,-0.01019359822019581
2024-11-15,-0.0057238601689520744
2024-11-18,0.0023404105242901263
2024-11-19,0.002720589724129888
2024-11-20,0.0024100816871413374
2024-11-21,0.011234502888508986
2024-11-22,0.005400034756853463
2024-11-25,0.00389501765204221
2024-11-26,0.009257636784320154
2024-11-27,-0.005597652727239563
2024-11-29,0.00689518428467845
2024-12-02,0.002656899070896883
2024-12-03,0.002665290928950843
2024-12-04,0.010954210504410313
2024-12-05,-0.0065779832862438775
2024-12-06,0.003573154870880515
2024-12-09,-0.013337503175224136
2024-12-10,-0.009739128073789587
2024-12-11,0.003302178235934634
2024-12-12,-0.005517273495990219
2024-12-13,-0.002945435128884997
2024-12-16,0.002599918305815398
2024-12-17,-0.007336325406298846
2024-12-18,-0.025693094919247168
2024-12-19,-0.0020105736103193765
2024-12-20,0.014512577412029484
2024-12-23,0.007485754733653285
2024-12-24,0.0056526319521141
2024-12-26,-9.900839858706588e-05
2024-12-27,-0.010494916898674093
2024-12-30,-0.007687000907942126
2024-12-31,-0.005414449932853728
2025-01-02,0.0037337918155748184
2025-01-03,0.014951887069931186
2025-01-06,0.0018594362246407675
2025-01-07,-0.009024257993703717
2025-01-08,0.005715970242798179
2025-01-10,-0.01575850312525791
2025-01-13,0.0014235577971538002
2025-01-14,0.0035322393850090923
2025-01-15,0.013964280154905254
2025-01-16,0.00643439461650889
2025-01-17,0.003586098169087833
2025-01-21,0.011608704160047303
2025-01-22,0.006130231958304178
2025-01-23,0.00498303851048497
2025-01-24,-0.0012654734185118992
2025-01-27,-0.01429521553708377
2025-01-28,0.006553553060327425
2025-01-29,-0.006444889096007657
2025-01-30,0.014376768717538645
2025-01-31,-0.009888634678944644
2025-02-03,0.000698677875900854
2025-02-04,0.004966443120243702
2025-02-05,0.0050109593678603695
2025-02-06,0.0070924096553170385
2025-02-07,0.011083092834006152
2025-02-10,0.00669714522467987
2025-02-11,-0.0024545646776986535
2025-02-12,-0.0019970565774268365
2025-02-13,0.021382895349208328
2025-02-14,-0.009904404891532317
2025-02-18,0.005385729628142034
2025-02-19,0.006808614467750536
2025-02-20,-0.005549527778765091
2025-02-21,-0.018393433558425397
2025-02-24,-0.002560477454776936
2025-02-25,0.0008234656083257398
2025-02-26,-0.0005369523532867334
2025-02-27,-0.02219550701861367
2025-02-28,0.008461220801289132
2025-03-03,-0.013075901086841526
2025-03-04,-0.010535567536926733
2025-03-05,0.006637763342309189
2025-03-06,-0.027029327349561247
2025-03-07,0.010850925615092327
2025-03-10,-0.023576557827129127
2025-03-11,-0.014018734964525152
2025-03-12,0.0018647890747548333
2025-03-13,-0.014812754817762612
2025-03-14,0.023436772082954128
2025-03-17,0.014856354442436631
2025-03-18,-0.013273383840868881
2025-03-19,0.013663573251376182
2025-03-20,-0.0041003892719792085
2025-03-21,-0.0005366503863207406
2025-03-24,0.020608970060209755
2025-03-25,-0.002270192825874289
2025-03-26,-0.0083305419460615
2025-03-27,-0.009346739421509992
2025-03-28,-0.013835033366130194
2025-03-31,0.0060363669578182
2025-04-01,0.00518490320078731
2025-04-02,0.011212470044781622
2025-04-03,-0.050804666791971334
2025-04-04,-0.06207227896139471
2025-04-07,-0.002074010076613728
2025-04-08,-0.01587095080349086
2025-04-09,0.09921000113792526
2025-04-10,-0.03306632496613959
2025-04-11,0.017794390521383388
2025-04-14,0.007390260363862798
2025-04-15,0.004300504061568664
2025-04-16,-0.01896962723566054
2025-04-17,0.0139531336516393
2025-04-21,-0.024593937555467696
2025-04-22,0.024764278191320113
2025-04-23,0.010496456154312956
2025-04-24,0.02463660679426795
2025-04-25,0.005783663659039915
2025-04-28,0.0011258459517400872
2025-04-29,0.00581697398509696
2025-04-30,0.003641918534531499
2025-05-01,0.0016220185372191678
2025-05-02,0.012333878393705902
2025-05-05,0.0006302946402595838
2025-05-06,-0.0027051735801488304
2025-05-07,0.010171318296981776
2025-05-08,0.0013330175569281942
2025-05-09,-0.008141558833028908
2025-05-12,0.047326008274860935
2025-05-13,0.009048950273528346
2025-05-14,-0.0027415106809281476
2025-05-15,0.006221555527645836
2025-05-16,0.008522852124144827
2025-05-19,0.002805112245750148
2025-05-20,-0.0056647064482903
2025-05-21,-0.01884370087032387
2025-05-22,-0.0026073345582079454
2025-05-23,-0.005512607822226223
2025-05-27,0.019322425984618193
2025-05-28,-0.004684424475465172
2025-05-29,-0.0007764223624217243
2025-05-30,2.3748593274119912e-05
2025-06-02,0.0012748688499288584
2025-06-03,0.0074348996551071925
2025-06-04,0.0013595643531341304
2025-06-05,-0.0020848356086269073
2025-06-06,0.007350348042031124
2025-06-09,-0.006083056145931018
2025-06-10,0.0041227112408303195
2025-06-11,-0.004191922228597362
2025-06-12,0.003471262554399721
2025-06-13,-0.018716374331770473
2025-06-16,0.009613195294471324
2025-06-17,-0.00930289481336922
2025-06-18,-0.0066727311635289424
2025-06-20,-0.004921460366765076
2025-06-23,0.012612809977592652
2025-06-24,0.015537517344094027
2025-06-25,-0.0035698651716638535
2025-06-26,0.00609100172225704
2025-06-27,0.0024753966958911367
2025-06-30,0.008341469174338116
2025-07-01,0.004479997588237651
2025-07-02,0.00020545447085836056
2025-07-03,0.009322281341730397
2025-07-07,-0.002020094056817521
2025-07-08,-0.002431220738223181
2025-07-09,0.001801466838585517
2025-07-10,-0.0016472321930516422
2025-07-11,-0.01002765084971942
2025-07-14,0.002366883949645637
2025-07-15,-0.010003817209084777
2025-07-16,0.0017806460760541175
2025-07-17,0.00475163681930582
2025-07-18,0.0018225620368747509
2025-07-21,0.0006525820613388865
2025-07-22,0.0033182648893095436
2025-07-23,0.009795895702211845
2025-07-24,-0.0015739043513194322
2025-07-25,0.0024465277184884254
2025-07-28,0.001604145147254306
2025-07-29,-0.007905390849004962
2025-07-30,-0.006689313607304999
2025-07-31,-0.007973669128623349
2025-08-01,-0.0028727339163609014
2025-08-04,0.0278466999019687
2025-08-05,-0.020887081129962078
2025-08-06,-6.629624850140693e-05
2025-08-07,-0.00782752979616033
2025-08-08,0.0014818418350324466
2025-08-11,0.0007254067084873303
2025-08-12,0.016164299111792957
2025-08-13,0.014008027801413317
2025-08-14,-0.00530898635518513
2025-08-15,-0.0058832641864279365
2025-08-18,0.0007855785738702843
2025-08-19,0.0019233225877258685
2025-08-20,-0.0011037530614583565
2025-08-21,-0.0045450431814415375
2025-08-22,0.015562401950839841
2025-08-25,-0.009721776466110632
2025-08-26,0.0060712755388116655
2025-08-27,0.003970596028639091
2025-08-28,0.00391937943006067
2025-08-29,-0.004785182087465367
2025-09-02,-0.00659177985848268
2025-09-03,0.002147746641904993
2025-09-04,0.008905603126869667
2025-09-05,0.004500218322840612
2025-09-08,0.011063892308122453
2025-09-09,0.0005303596303307147
2025-09-10,-0.004412766896467386
2025-09-11,0.013252669424478909
2025-09-12,-0.002297597977532089
2025-09-15,0.0028716882129967564
2025-09-16,-0.0018842914004298496
2025-09-17,-0.00048213409159729263
2025-09-18,0.006476188834164418
2025-09-19,0.004476408402508794
2025-09-22,0.0045992117682924286
2025-09-23,-0.0035859866758617145
2025-09-24,-0.005623528677445045
2025-09-25,-0.009162493297179268
2025-09-26,0.010784942990285713
2025-09-29,0.0024290922874892255
2025-09-30,0.005064128664245532
2025-10-01,-0.0006300433049497033
2025-10-02,0.0038113077513537517
2025-10-03,-0.0014381684254537227
2025-10-06,-0.003097022032396804
2025-10-07,-0.0062356076206836345
2025-10-08,0.0027476367516033086
2025-10-09,-0.007324971817716892
2025-10-10,-0.024212157853150056
2025-10-13,0.015396114996141737
2025-10-14,0.0036970438580357272
2025-10-15,0.0027379139035361047
2025-10-16,-0.0074915533939643765
2025-10-17,0.004960942784258231
2025-10-20,0.007761322222820666
2025-10-21,0.004061672723716319
2025-10-22,-0.008976432094171436
2025-10-23,0.005989241475638223
2025-10-24,0.0038020082648492124
2025-10-27,0.012013313344321737
2025-10-28,-0.005419228748916693
2025-10-29,-0.012654171153237864
2025-10-30,0.004579886559756364
2025-10-31,0.0006101518723889932
2025-11-03,-0.001100729439870061
2025-11-04,-0.010126098249079013
2025-11-05,0.005259292731837629
2025-11-06,-0.00881425314226069
2025-11-07,0.011620611664652732
2025-11-10,0.007771027750518632
2025-11-11,-0.0030125250637100275
2025-11-12,0.001366981992956471
2025-11-13,-0.01113999525078074
2025-11-14,-0.005196971620622293
